text,video_id,create_time,id,like_count,parent_comment_id,reply_count
Oh nein dieser Tag war Wunderbar,7465491279791557910,1738220351,7465599190816228118,21,7465491279791557910,0
Bei uns war Sonne und blauer Himmel.,7465491279791557910,1738229454,7465638368983270166,14,7465491279791557910,1
einfach nur Demokratie âœŒ,7465491279791557910,1738228277,7465633351743882006,9,7465491279791557910,0
Das war Demokratie !!!!!!,7465491279791557910,1738233038,7465653648004514583,6,7465491279791557910,0
Ein guter Tag fÃ¼r Deutschland ğŸ«¶ğŸ’™ğŸ«¶ğŸ’™ğŸ«¶ğŸ’™ğŸ«¶ğŸ’™ğŸ«¶ğŸ’™ğŸ«¶ğŸ’™,7465491279791557910,1738229920,7465640385914929942,6,7465491279791557910,0
Vielleicht war es auch einer besten Tage in den kommenden Jahren ? ğŸ‘€,7465491279791557910,1738227203,7465628741436244758,5,7465491279791557910,0
sie sprechen alle den gleichen Text. das ist doch KI,7465491279791557910,1738197930,7465502210396668694,5,7465491279791557910,2
"es war halt eine Entscheidung die das Volk gewollt, von daher sehe nichts Schwarzes. Habt ihr geglaubt, eine demokratisch gewÃ¤hlte Partei, fÃ¼r immer ausschlieÃŸen zu kÃ¶nnen ?",7465491279791557910,1738234717,7465660828698051350,4,7465491279791557910,1
@CDU Deutschlands #Merz RÃ¼cktritt SOFORT!,7465491279791557910,1738196130,7465494882724643606,4,7465491279791557910,0
"Ein wunderbarer Tag fÃ¼r Demokratie
Ihr wisst sicher nicht , wie das geht !
Zum Wohl des Volkes egal was Du willst.Nur und nur AfD ğŸ’™ğŸ’™ğŸ’™",7465491279791557910,1738219929,7465597441795326742,3,7465491279791557910,0
Eine guter Tag fÃ¼r die Demokratie....aber wem erzÃ¤hle ich das?,7465491279791557910,1738198662,7465505716632175382,2,7465491279791557910,0
"Europa ist offenbar nicht fÃ¤hig, sich an eigene Gesetze zu halten und seine AuÃŸengrenzen zu schÃ¼tzen. Wie viele Menschen sollen noch auf eurem Gutmenschen-Altar geopfert werden?",7465491279791557910,1738196780,7465497550441644802,2,7465491279791557910,5
ğŸ’šğŸ’šğŸ’šğŸ’šğŸ’š,7465491279791557910,1738384764,7466304091095925526,1,7465491279791557910,0
"â—¢ğŸ’šâ—£Â Â Â Â Â Â Â Â Â Â Â  â—¢ğŸ’šâ—£
ğŸ’šğŸ’šğŸ’šâ—£ â—¢ğŸ’šğŸ’šğŸ’š
â—¥ğŸ’šğŸŒ»ğŸŒ»ğŸŒ»ğŸŒ»ğŸ’šâ—¤
Â  Â Â  â—¥ğŸ’šğŸŒ»ğŸŒ»ğŸ’šâ—¤
Â Â Â  Â Â Â Â Â Â â—¥ğŸ’šğŸ’šâ—¤
Â Â Â Â Â Â Â Â Â Â  Â Â Â â—¥ â—¤",7465491279791557910,1738384749,7466304222427808534,1,7465491279791557910,0
"Demokratisch gewÃ¤hlt â‰  demokratische Partei. Wer das nicht versteht, sollte mal sein politisches Grundwissen auffrischen.",7465491279791557910,1738266826,7465799001683755798,1,7465491279791557910,0
Das nennt sich Demokratie ğŸ˜‰,7465491279791557910,1738240010,7465683788211929878,1,7465491279791557910,0
Bei uns war schÃ¶nes Wetter ğŸ’™,7465491279791557910,1738236902,7465670311293534998,1,7465491279791557910,0
Demokratie! Schon mal gehÃ¶rt??,7465491279791557910,1738236109,7465667020333204257,1,7465491279791557910,0
"Die AFD ist weder Rechtsradikal noch Rechtsextrem. Wenn Sie Beweise fÃ¼r diese doch sehr abwegige These haben dann bitte vorlegen, andernfalls -> Schweigen.",7465491279791557910,1738227376,7465629340703425302,1,7465491279791557910,0
Der beste Tag Ã¼berhaupt,7465491279791557910,1738226043,7465623543763878678,1,7465491279791557910,0
Unfassbar,7465491279791557910,1738225831,7465622860292227862,1,7465491279791557910,0
ğŸ‘ŒğŸ‘Œ,7465491279791557910,1738223618,7465613294175699734,1,7465491279791557910,0
ihr post zeigt leider deutlich das politik verstÃ¤ndis ihrer partei. demokratie nur dann und so wie ihnen passt.,7465491279791557910,1738221875,7465605692356821782,1,7465491279791557910,0
"NIEMALS AFD, NIEMALS MERZ ğŸ¥ºğŸ¥ºğŸ¥ºğŸ¥ºğŸ¥ºğŸ¥ºğŸ¥ºğŸ¥ºğŸ¥ºğŸ¥º",7465491279791557910,1738211131,7465559067126350614,1,7465491279791557910,0
ğŸ’™ğŸ¥°ğŸ’™ğŸ¥°ğŸ’™ğŸ¥°ğŸ’™ğŸ¥°ğŸ’™ğŸ¥°,7465491279791557910,1738209236,7465549731216720663,1,7465491279791557910,0
das war der beste Tag,7465491279791557910,1738198233,7465503508793787158,1,7465491279791557910,0
ğŸ¥°ğŸ¥°ğŸ¥°ğŸ¥°,7465491279791557910,1738196504,7465496620361401110,1,7465491279791557910,0
Endlich AFDğŸ‘ğŸ‘,7465491279791557910,1743966959,7490281031732871958,0,7465491279791557910,0
Leider hat die jetzige Regierung zu viel fÃ¼r andere und zu wenig fÃ¼r die Deutschen BÃ¼rger selbst gemacht! Das Frust hat viele in die falsche Richtung gelenkt Leider!,7465491279791557910,1738376776,7466269985754530582,0,7465491279791557910,0
So traurig dass Deutschland schon wieder vor dem rechten Abgrund stehen ğŸ¥¹,7465491279791557910,1738376570,7466269294071563030,0,7465491279791557910,0
"Endlich ein Thema bis zu den Wahlen, was man richtig ausschlachten kann.Das versagen in 3 Jahren Ampel gerÃ¤t in Vergessenheit .Das ist das, was die SPD und GrÃ¼ne gemeinsam haben",7465491279791557910,1738302918,7465953632569443094,0,7465491279791557910,0
"Danke fÃ¼r deinen Einsatz! rede weiter mit den Kollegen im Bundestag und mache klar, was sie anricht. Die blauen Nazis alleine kÃ¶nnen uns nicht gefÃ¤hrlich werden ohne SteigbÃ¼gelhalter aus der CDU.",7465491279791557910,1738266770,7465798766672446230,0,7465491279791557910,0
Danke! Und sehr gut! Wir brauchen die Demokratie! Wir wollen sie! Abgeordnete der CDU: Steht auf gegen den neuen Rechten Merz! Er darf einfach nicht Kanzler werden!Bitte!,7465491279791557910,1738247097,7465714151278986006,0,7465491279791557910,0
NÃ¶Ã¶Ã¶ war ein schÃ¶ner Tag juhu endlich ğŸ‘ğŸ‘ğŸ’™ğŸ’™ğŸ’™ğŸ’™ğŸ’™ğŸ’™ğŸ’™,7465491279791557910,1738244754,7465704189893591830,0,7465491279791557910,0
Ein blauer Tag ğŸ’™ğŸ’™ğŸ’™ğŸ’™ğŸ’™ğŸ’™ğŸ’™,7465491279791557910,1738240694,7465686670932476694,0,7465491279791557910,0
"Merzs Vorschlag befÃ¼rworten Ã¼brigens nach der jÃ¼ngsten Umfrage (insa) 66% aller WÃ¤hler, 56% der SPD WÃ¤hler und 30% der GrÃ¼nen WÃ¤hler. Quelle: TagesspiegelğŸ˜‰ğŸ‘",7465491279791557910,1738239354,7465680893593305878,0,7465491279791557910,0
demokratie geht so,7465491279791557910,1738239158,7465680126219485974,0,7465491279791557910,0
ğŸ˜‚ğŸ˜‚ğŸ˜‚ğŸ˜‚,7465491279791557910,1738238649,7465677973601911574,0,7465491279791557910,0
hat der auch gesagt das die die grÃ¼ne gegrÃ¼ndet haben auch Juden auf dem gewissen haben,7465491279791557910,1738238341,7465676510403347222,0,7465491279791557910,0
Nur AfD ğŸ’™ğŸ’™ğŸ’™ğŸ’™ğŸ’™,7465491279791557910,1738237945,7465674847025824534,0,7465491279791557910,0
Die grÃ¼ne Migrationspolitik gefÃ¤hrdet massiv die Demokratie - Wer wÃ¤hlt eigentlich diese Truppe ??? ğŸ™ˆ,7465491279791557910,1738237476,7465672843881120535,0,7465491279791557910,0
ein guter Tag,7465491279791557910,1738237261,7465671931141620502,0,7465491279791557910,0
"Was soll das geheule,
Sie hÃ¤tten alle fÃ¼r unsere Sicherheit stimmen kÃ¶nnen.
Sie wollen aber weiterhin GewalttÃ¤ter zu uns holen.....
Sie wollen das noch mehr Ermordet werden.....",7465491279791557910,1738236363,7465668144594469654,0,7465491279791557910,0
so ein Tag so wunderschÃ¶n wie heute......ğŸ˜œğŸ˜œğŸ˜œğŸ˜œğŸ˜‚ğŸ˜‚ğŸ˜‚ğŸ˜‚ğŸ˜‚,7465491279791557910,1738235792,7465665530998915862,0,7465491279791557910,0
ğŸ˜¡ğŸ˜¡ğŸ˜¡,7465491279791557910,1738234754,7465661102740521750,0,7465491279791557910,0
ğŸ‘die einzig richtige LÃ¶sung ğŸ‘und in einer demokratischen Wahl.,7465491279791557910,1738234214,7465658778060047126,0,7465491279791557910,0
Ich empfehle Selbstreflektion und die Frage wie es soweit kommen konnte ğŸ¤”,7465491279791557910,1738233937,7465657670494782230,0,7465491279791557910,0
Als AFD WÃ¤hler wÃ¼nsche ich mir auch eine Brandmauer. Eine Steuer- und GEZ Brandmauer. Kein Nazi Geld fÃ¼r Migration und Ã–R. Wie wÃ¤re das?ğŸ˜³ğŸ˜³ğŸ˜³,7465491279791557910,1738233841,7465657177580782358,0,7465491279791557910,0
Die GrÃ¼nen sind daran Schuld. Ihr macht garnichts. Nur meckern.,7465491279791557910,1738233004,7465653652695597846,0,7465491279791557910,0
FÃ¼r Deutschland ein schÃ¶ner Tag ğŸ’™ğŸ’™ğŸ’™ğŸ’™ğŸ’™ğŸ‘ğŸ‘ğŸ‘ğŸ‘,7465491279791557910,1738232218,7465650255871623958,0,7465491279791557910,0
Warum immer ein schwarzer Tag? Es war endlich mal ein Tag wo die Demokratie gewonnen hat.,7465491279791557910,1738231480,7465646957631128342,0,7465491279791557910,0
ğŸ‘ğŸ‘ğŸ‘ğŸ‘ğŸ‘,7465491279791557910,1738228734,7465635276325716758,0,7465491279791557910,0
NÃ¶ war ein guter Tag fÃ¼r Deutschland ğŸ’™ğŸ–¤ğŸ¥°,7465491279791557910,1738227962,7465631843901162262,0,7465491279791557910,0
"Der linder ist ein Kasper, das ist schon lange klar. Aber das der Fritz ein Kasper ist, der mit dem Feuer spielt ist neu.",7465491279791557910,1738227575,7465630090850255638,0,7465491279791557910,0
Ich kann es nicht mehr hÃ¶ren Deswegen ist es gut das der Antrag durchgegangen ist..... Besser AfD als grÃ¼ne oder SPD,7465491279791557910,1738227464,7465629733088019222,0,7465491279791557910,0
Das ist mal richtige Demokratie,7465491279791557910,1738226329,7465624945729946390,0,7465491279791557910,0
Wenn Toleranzforderer plÃ¶tzlich Intolerant werden. ğŸ¤£ğŸ¤£ğŸ‘,7465491279791557910,1738226329,7465624872761983766,0,7465491279791557910,0
Und ihr werdet endlich mal alle richtig arbeiten gehen mÃ¼ssen GrÃ¼ne sind im Sinkflug,7465491279791557910,1738226117,7465624034403992342,0,7465491279791557910,0
Ein guter Tag.,7465491279791557910,1738226071,7465623686709707542,0,7465491279791557910,0
Die GrÃ¼nen hÃ¤tten diesen richtigen Antrag zustimmen mÃ¼ssen und jetzt nicht rumheulen,7465491279791557910,1738225905,7465622972860236566,0,7465491279791557910,0
ğŸ’šğŸ’šğŸ’š,7465491279791557910,1738225804,7465622594068185878,0,7465491279791557910,0
ğŸ˜„ğŸ˜„ğŸ˜„ğŸ˜„ğŸ˜„ğŸ˜„ğŸ˜„Merz hat gut gesprochen spd und GrÃ¼n ist ein Trauerspiel hÃ¼tchenspiel wo ist in Deutschland Demokratie hÃ¼tchenspiel mit den menschen,7465491279791557910,1738225682,7465622039959732994,0,7465491279791557910,0
"nein,war es nicht.
das ist ein Tag,der endlich mal Demokratie ausgeÃ¼bt hat.wurse auch Zeit.ğŸ’™ğŸ’™ğŸ’™ğŸ’™ğŸ’™ğŸ‘ğŸ’™ğŸ’™ğŸ’™ğŸ’™ğŸ‘ğŸ’™ğŸ’™ğŸ’™ğŸ’™ğŸ’™",7465491279791557910,1738225324,7465620565329134358,0,7465491279791557910,0
âœŒ https://www.shirtee.com/de/brandmauer02/,7465491279791557910,1738225069,7465619567444804374,0,7465491279791557910,0
heut gab es endlich Demokratie im Bundestag ğŸ‘Œ,7465491279791557910,1738222262,7465607491310895904,0,7465491279791557910,0
"Als ob das die Probleme des Landes sind. Der stÃ¤ndige Kampf mit den Schatten der Vergangenheit vernebelt ihnen den Blick, so trivial ist die Gegenwart nicht, die Gefahr liegt heute u. a. im Islamismus",7465491279791557910,1738220672,7465600682188555030,0,7465491279791557910,0
Ein schwarzer Tag fÃ¼r die Demokratie es wurde eine Mehrheit demokratisch gebildet OMG.schluss mit dem mist Papa ich will das nicht weil der das will. ist es vernÃ¼nftig stimmt zu egal von wem.,7465491279791557910,1738220517,7465599897057526550,0,7465491279791557910,0
ğŸ˜‚ğŸ˜‚ğŸ˜‚,7465491279791557910,1738220464,7465599676206351126,0,7465491279791557910,0
"Heute war ein Tag, an dem ein Teil der Demokratie in Deutschland zurÃ¼ckgeholt wurde.ğŸ’™ğŸ’™",7465491279791557910,1738220246,7465598846052303638,0,7465491279791557910,0
Der traurigste Moment den das deutsche Nachkriegsparlament je erlebt hat ğŸ˜³ Der Verrat an der deutschen Demokratie hat einen Namen: F. Merz ğŸ˜±,7465491279791557910,1738220146,7465598350155973398,0,7465491279791557910,0
Merz hat Deutschland in zwei politische Lager gespalten und die CDU - die jetzt unchristlicher nicht sein kann - weit ins rechte Lager getrieben ğŸ˜±,7465491279791557910,1738220113,7465598116038918934,0,7465491279791557910,0
Nicht schwarz es war ein blauer Tag,7465491279791557910,1738219301,7465594575480455958,0,7465491279791557910,0
Alles richtig gemacht,7465491279791557910,1738218595,7465591448018158369,0,7465491279791557910,0
"Ein guter Tag ,,,,",7465491279791557910,1738216804,7465583774530781974,0,7465491279791557910,0
brandmauer hat man zwischen HÃ¤usern das ist ein Waldbrand wir sind das gegenfeuer,7465491279791557910,1738200105,7465511474611061526,0,7465491279791557910,0
Und das rechtfertigt er mit seinem Gewissen,7465491279791557910,1738199995,7465510982309167894,0,7465491279791557910,0
ğŸ˜« Echt schade das Verhalten.,7465491279791557910,1738198292,7465504245169554199,0,7465491279791557910,0
"Wie wollen die GrÃ¼nen eig ihr ""AuslÃ¤nder raus"" Programm Ã¶kologisch umsetzen?",7472806784172838166,1739903392,7472828065891189527,2,7472806784172838166,1
ğŸ’šğŸ’šğŸ’š,7472806784172838166,1739961850,7473078999976968982,0,7472806784172838166,0
Klima..klima...klima...ğŸ˜‚ğŸ˜‚ğŸ˜‚,7472806784172838166,1739906020,7472839338716840726,0,7472806784172838166,0
Ihr tut mir leid,7470988090979421463,1739478572,7471003399263437590,214,7470988090979421463,2
Ihr habt se nicht mehr alle ğŸ¤¢ğŸ¤®,7470988090979421463,1739510469,7471139976618328854,177,7470988090979421463,1
"Respekt bravo genauso sollten es alle Menschen sehen, sehr tolle Worte ğŸ‘",7470988090979421463,1739475371,7470989648137306902,97,7470988090979421463,3
Was muss noch alles passieren?,7470988090979421463,1739485757,7471034192945709846,47,7470988090979421463,1
Gut gesprochen! Das ist jetzt elementar!!!,7470988090979421463,1739475979,7470992345174115094,45,7470988090979421463,2
Hirngewaschen Schafe ğŸ˜¢ğŸ˜¢ğŸ˜¢,7470988090979421463,1739522224,7471190819698213654,44,7470988090979421463,1
Die Wahrheit darf und muss gesagt werden ğŸ’™ğŸ’™ğŸ’™ğŸ™ğŸ»,7470988090979421463,1739488845,7471047399215497986,37,7470988090979421463,2
Das.macht auch niemand...oder gibt es Ãœbergriffe ?,7470988090979421463,1739481374,7471015471367406358,34,7470988090979421463,0
"WÃ¼rden Sie genauso reagieren, wenn Sie persÃ¶nlich davon betroffen wÃ¤ren? ğŸ¤”",7470988090979421463,1739489899,7471051855444771606,33,7470988090979421463,0
"Sehr gute Rede.
Sachlich und ohne Anschuldigungen.ğŸ‘ğŸ¼",7470988090979421463,1739482454,7471020084070105878,26,7470988090979421463,0
Verdrehte Welt - es geht nicht mehr um die Opfer sondern sofort darum Kriminelle und MÃ¶rder in Schutz zu nehmen und solche Taten zu rechtfertigen! Frag mich langsam wer da krank im Kopf ist!,7470988090979421463,1739481568,7471016332167774998,22,7470988090979421463,3
"DankeğŸ™!!!! Tolles Statement!!! Gute Genesung fÃ¼r alle Beteiligten, kÃ¶rperlich wie psychisch â¤ï¸â€ğŸ©¹",7470988090979421463,1739480896,7471013374287266582,22,7470988090979421463,1
"Ich bin entsetzt und traurig wegen der vielen Verletzten, und dennoch: ermutigende Worte, dankeâ€¦ğŸ‘ğŸ‘ğŸ‘ğŸ‘ğŸ‘ğŸ‘",7470988090979421463,1739476889,7470996207076033302,19,7470988090979421463,0
"Super, zusammen stehen wie bei der CORONA Spritze?? bin beeindruckt wie sich hier alle Instrumentalisieren lassen... Buch Tipp: Gustave Le Bon:"" Psychologie der Massen"" DAMALS wie heute.. Lesen!!!!",7470988090979421463,1739482417,7471019933234397974,17,7470988090979421463,0
Die kriegen das einfach nicht mitğŸ˜¡ğŸ˜¡ğŸ˜¡,7470988090979421463,1739491184,7471057351056491286,16,7470988090979421463,0
"Als Afghaner bin ich genauso mit solchen Menschen aufgewachsen, die mir dieses schÃ¶nes Deutschland gezeigt haben, wofÃ¼r ich sehr Dankbar bin. Aber leider gibt es auch die umgekehrte Seiteâ€¦",7470988090979421463,1739492345,7471062167422337814,13,7470988090979421463,1
"Ein Ladendetektiv und Bodybuilder mit Schulabschluss, jemand der gut integriert schien....und doch konnte man ihm nur vor den Kopf schauen, nicht hinein...",7470988090979421463,1739487511,7471041747930743574,13,7470988090979421463,12
Deswegen nur noch AFD ğŸ’™ğŸ’™ğŸ’™ğŸ’™,7470988090979421463,1739479008,7471005297072554774,13,7470988090979421463,1
"Ganz ehrlich, aber wer hetzt denn da gerade! Denkt und sagt auch niemand, Aber es wirkt, als ob es eine SolidaritÃ¤tskundgebung fÃ¼r den TÃ¤ter ist, wo fÃ¼r ein neuen Mini gesammelt werden soll.",7470988090979421463,1739515349,7471161129697739542,12,7470988090979421463,2
Ohne Worte ...,7470988090979421463,1739484528,7471028979626590998,12,7470988090979421463,0
Deswegen nur Afd ğŸ’™ğŸ’™ğŸ’™,7470988090979421463,1739480914,7471013495648781078,11,7470988090979421463,0
"â•”â•â•â•â•à¼ºâ€à¼»ğŸ‡©ğŸ‡ªà¼ºâ€à¼»â•â•â•â•â•—
ğŸ•Šï¸ğŸ‡©ğŸ‡ªğŸ’™ Alice fÃ¼r Deutschland ğŸ’™ğŸ‡©ğŸ‡ªğŸ•Šï¸â•šâ•â•â•â•à¼ºâ€à¼»ğŸ¦…à¼ºâ€à¼»â•â•â•â•â•",7470988090979421463,1739514925,7471159356274901782,9,7470988090979421463,2
Ich trete aus von Verdi,7470988090979421463,1739481831,7471017463921017622,8,7470988090979421463,2
Tolle offene Worte !! ğŸ‘ğŸ‘,7470988090979421463,1739486976,7471039424144147222,7,7470988090979421463,1
Aufgewachte Menschen mit einer anderen Hautfarbe oder Migrationshintergrund wÃ¤hlen auch AFD,7470988090979421463,1739484117,7471027241390228246,7,7470988090979421463,0
ğŸ‘ğŸ‘ğŸ‘ğŸ‘ğŸ‘ğŸ‘ alles alles gute den verletzten ğŸ™ğŸ™ Bravo,7470988090979421463,1739483096,7471022790608831254,7,7470988090979421463,0
Noch nicht verstanden!ğŸ™ˆ,7470988090979421463,1739479460,7471007242910712598,7,7470988090979421463,0
"genau, sowas tut man nicht ğŸ™ˆ",7470988090979421463,1739490309,7471052810714465056,6,7470988090979421463,0
Deshalb ist die Gewerkschaft noch da. weil sie denken und fÃ¼hlen. danke dafÃ¼r. ğŸ©·âœŠ,7470988090979421463,1739489370,7471049716344701718,6,7470988090979421463,2
"Gewerkschaften sind der letzte MÃ¼ll, heuchlerisch und nicht besser wie Politiker!",7470988090979421463,1739485058,7471031201689813782,6,7470988090979421463,0
DankeğŸ‘,7470988090979421463,1739481211,7471014788920115990,6,7470988090979421463,0
ğŸ«¶ğŸ¼ğŸ‘ğŸ»,7470988090979421463,1739475632,7470990798342095639,6,7470988090979421463,0
Danke fÃ¼r die Worte ğŸ‘ğŸ‘,7470988090979421463,1739485252,7471032126394172182,5,7470988090979421463,0
ğŸ’™ğŸ’™ğŸ’™ğŸ’™,7470988090979421463,1739482002,7471018161728226070,5,7470988090979421463,0
"Ich bin seit 50 Jahren erst bei Ã–TV und dann bei Verdi.
Jetzt ist mein VerstÃ¤ndnis aufgebraucht.
Ich kÃ¼ndige.",7470988090979421463,1739547272,7471298517122794262,4,7470988090979421463,1
Verstehe ich nicht mehr. Bis 2015 haben wir alle gut zusammen gelebt. Da drÃ¼ben sollte man mal nachdenken warum das jetzt nicht mehr klappt ğŸ˜¡ğŸ˜¡ğŸ˜¡,7470988090979421463,1739482965,7471022307784786710,4,7470988090979421463,1
ğŸ’™ğŸ’™ğŸ’™,7470988090979421463,1739482501,7471020253352755990,4,7470988090979421463,0
sie begreifen es einfach nicht.,7470988090979421463,1739482116,7471018594553299735,4,7470988090979421463,0
ğŸ‘ğŸ‘ğŸ‘ğŸ‘ğŸ‘ğŸ‘ğŸ‘ğŸ‘ğŸ‘ğŸ‘ğŸ‘ğŸ‘ğŸ‘ğŸ‘ğŸ‘,7470988090979421463,1739475255,7470989197219382038,4,7470988090979421463,0
Unglaublich ğŸ¤¯ğŸ¤¦ğŸ»â€â™‚ï¸,7470988090979421463,1739532463,7471234739155141399,3,7470988090979421463,0
Manche begreifen es einfach nicht,7470988090979421463,1739530393,7471225861104010006,3,7470988090979421463,0
Bin mir nicht sicher wann/ob jemals ein Licht aufgehtâ€¦ fÃ¼hlt man sich da nicht irgendwie komisch??,7470988090979421463,1739521885,7471189237389607702,3,7470988090979421463,0
"wichtiges und richtiges statement, DANKE. ğŸ’",7470988090979421463,1739490597,7471054889075262230,3,7470988090979421463,0
Respekt â¤ï¸,7470988090979421463,1739484353,7471028202637034263,3,7470988090979421463,0
"Bis zum nÃ¤chsten Mal, wenn ein polizeibekannter Asylbewerwerber, der per Gesetz eigentlich nicht mehr in Deutschland sein dÃ¼rfte ein solches Unheil anrichtet. Was redet der dort oben eigentlich?",7470988090979421463,1739482529,7471020075547132704,3,7470988090979421463,0
"Danke danke danke ...
Frage mich, wie er sich an einen Polizeiauto anschlieÃŸen und im ÃœberholmanÃ¶ver an der Polizei vorbei fahren konnte ?",7470988090979421463,1739480793,7471012989538665238,3,7470988090979421463,0
Und wieder war def TÃ¤ter ein Mann!! Aber das wird in der Debatte wieder unter gehen,7470988090979421463,1739478533,7471003282912641814,3,7470988090979421463,0
WAS begreifen die denn nicht ? ğŸ˜¡ Unfassbar !,7470988090979421463,1739552760,7471322024265614103,2,7470988090979421463,0
Warum werden die Schuldigen immer entschuldigt????,7470988090979421463,1739545371,7471290245626118934,2,7470988090979421463,0
mega gesprochen ğŸ‘ŒğŸ‘Œ,7470988090979421463,1739515044,7471159938351088406,2,7470988090979421463,0
"â•”â•â•â•â•à¼ºâ€à¼»â¤ï¸à¼ºâ€à¼»â•â•â•â•â•—
ğŸš©ğŸŒ¾â¤ï¸ğŸ–¤âœ²Linke2025âœ²ğŸ–¤â¤ï¸ğŸŒ¾ğŸš©
â•šâ•â•â•â•à¼ºâ€à¼»â¤ï¸à¼ºâ€à¼»â•â•â•â•â•",7470988090979421463,1739498784,7471089533350888214,2,7470988090979421463,0
Bla bla bla,7470988090979421463,1739488383,7471045506370732822,2,7470988090979421463,0
ğŸ˜¡ğŸ’™ğŸ’™ğŸ’™,7470988090979421463,1739484396,7471028411499758358,2,7470988090979421463,0
Es geht nicht um Spaltung es geht um Handlungsbedarf ğŸ¤·â€â™‚ï¸,7470988090979421463,1739483691,7471025429235909398,2,7470988090979421463,0
Nee wir lassen uns das weiter gefallen weiter so,7470988090979421463,1739483660,7471025284507697942,2,7470988090979421463,0
wehrt euch leistet Wiederstand. halten wir zusammen âœŠï¸,7470988090979421463,1739483423,7471024254810096406,2,7470988090979421463,0
"einfach nur ein Verkehrsunfall, was soll der Stress!",7470988090979421463,1739481219,7471014791454147350,2,7470988090979421463,0
"Gibt Hass und Hetze keine Chance..
Gute Besserung an die Verletzten MitbÃ¼rger... MÃ¼nchen...",7470988090979421463,1739481088,7471014225306714902,2,7470988090979421463,0
Danke fÃ¼r diese Worte! Die Antwort muss SolidaritÃ¤t sein! Das Ziel solcher Taten ist immer Spaltung. wenn man das zulÃ¤sst hat der terror gewonnen.,7470988090979421463,1739476755,7470995676768437014,2,7470988090979421463,1
ğŸ’ª,7470988090979421463,1739475275,7470989277251011350,2,7470988090979421463,0
unglaublich,7470988090979421463,1739609097,7471563912154170134,1,7470988090979421463,0
Kann man nicht mehr nachvollziehen ğŸ˜¡ğŸ˜¡ğŸ˜¡,7470988090979421463,1739603602,7471540215582262038,1,7470988090979421463,0
Wahnsinn.,7470988090979421463,1739525120,7471203268459578134,1,7470988090979421463,0
Deutschland ist nicht zu retten..ğŸ˜”ğŸ˜”ğŸ˜”,7470988090979421463,1739524205,7471199230721475350,1,7470988090979421463,0
Sehr groÃŸ â¤ï¸,7470988090979421463,1739515724,7471162756911334166,1,7470988090979421463,0
"â•”â•â•â•â•à¼ºâ€à¼»ğŸ‡©ğŸ‡ªà¼ºâ€à¼»â•â•â•â•â•—
âœ¨ğŸ’—*âœ²ğ—ğ—”ğ—¡ğ—­ğ—Ÿğ—˜ğ—¥ğ—œğ—¡2025âœ²*ğŸ’—âœ¨
========Mama Heidi=======
â•šâ•â•â•â•à¼ºâ€à¼»ğŸ‡©ğŸ‡ªà¼ºâ€à¼»â•â•â•â•â•",7470988090979421463,1739498776,7471089210713326358,1,7470988090979421463,0
"â•”â•â•â•â•â€à¼»ğŸ’—à¼ºâ€â•â•â•â•â•—
â™¡ğŸ’•ğŸ’—âœ²Linke2025âœ²ğŸ’—ğŸ’•â™¡
â•šâ•â•â•â•â€à¼»ğŸ’—à¼ºâ€â•â•â•â•â•",7470988090979421463,1739498769,7471089356066571030,1,7470988090979421463,0
"ğŸ’•â•­â•®â•±â•±â•±â•±â•±â•±â•­â•®ğŸ’•
ğŸ’•â”ƒâ”ƒâ•±â•±â•±â•±â•±â•±â”ƒâ”ƒğŸ’•ğŸ’•ğŸ’•ğŸ’•
ğŸ’•â”ƒâ”ƒâ•±â•±â•­â”³â”â•®â”ƒâ”ƒâ•­â”³â”â”â•®ğŸ’•
ğŸ’•â”ƒâ”ƒâ•±â•­â•‹â”«â•­â•®â”«â•°â•¯â”«â”ƒâ”â”«ğŸ’•
ğŸ’•â”ƒâ•°â”â•¯â”ƒâ”ƒâ”ƒâ”ƒâ”ƒâ•­â•®â”«â”ƒâ”â”«ğŸ’•
ğŸ’•â•°â”â”â”â”»â”»â•¯â•°â”»â•¯â•°â”»â”â”â•¯ğŸ’•",7470988090979421463,1739498760,7471089358541046550,1,7470988090979421463,1
"Sehr stark. Gegen Hetze und Hass!
ğŸ’ğŸ¤ğŸ’ ğŸš©âœŠï¸ğŸš©",7470988090979421463,1739489993,7471052277693498134,1,7470988090979421463,0
"MÃ¶rder sind auch dann MÃ¶rder, wenn sie eine andere Hautfarbe haben. Diese Tat ist zu verurteilen, ohne Wenn und Aber!",7470988090979421463,1739489617,7471050750924473110,1,7470988090979421463,0
"Sehr gute Rede, leider benutzen die rechten Parteien das jetzt schon, es ist wirklich ekelhaft.",7470988090979421463,1739489596,7471050638442332951,1,7470988090979421463,29
"Danke, wir dÃ¼rfen eine Spaltung nicht zulassen.
Den Opfern gilt mein MitgefÃ¼hl",7470988090979421463,1739489032,7471048157595517718,1,7470988090979421463,0
"Ich weiÃŸ nicht mehr was ich dazu sagen soll.
Ist es ein Fehler wenn man fÃ¼r Sicherheit in unserem Land ist?
Es sind immer die gleichen TÃ¤ter!!!",7470988090979421463,1739487157,7471040259606971158,1,7470988090979421463,0
ğŸ¤£,7470988090979421463,1739486737,7471038487169368854,1,7470988090979421463,0
"Bitte keine unpassenden Ã„uÃŸerungen Ã¼ber arabische MÃ¤nner mit Messern. Wer hin und wieder in Menschenmengen fÃ¤hrt, muss ja nicht zwangslÃ¤ufig ein schlechter Mensch sein. ğŸ™„",7470988090979421463,1739486475,7471037253550277398,1,7470988090979421463,0
So ein Beitrag muss man wieder sehen und hÃ¶ren ich bin dankbar das solche tolle menschen gibt. ich sage danke danke,7470988090979421463,1739486261,7471036371315933974,1,7470988090979421463,0
Ein Wort des Mitleids fÃ¼r die Opfer?,7470988090979421463,1739485812,7471034490853557014,1,7470988090979421463,0
Der Geist von dem sass mit im Auto,7470988090979421463,1739485011,7471031107678208790,1,7470988090979421463,0
â™¥ï¸ğŸ«¶,7470988090979421463,1739484107,7471027127653237526,1,7470988090979421463,0
Sind ja deine verwandten nicht Familie und Freude ğŸ¥µwiderlich ğŸ¥µ,7470988090979421463,1739484098,7471027171600106262,1,7470988090979421463,0
Genau das!!!!,7470988090979421463,1739483104,7471022863779070742,1,7470988090979421463,0
"Bis zum nÃ¤chsten mal!! Wir haben noch genÃ¼gend verrÃ¼ckte hier!! Dann heiÃŸt es immer, och tut mir leid! Das warâ€™s! Das ist Deutschland!!!",7470988090979421463,1739482926,7471022097667506966,1,7470988090979421463,0
Ein Anschlag ein Kind kÃ¤mpft um sein Leben und ihr betreibt ein paar Stunden spÃ¤ter Hass und Hetze...,7470988090979421463,1739482295,7471019395164078870,1,7470988090979421463,0
"Respekt, danke fÃ¼r die Worte. Genau so sollen wir alle Menschen denken und handeln. ğŸ‘ğŸ¼",7470988090979421463,1739482183,7471018918456378134,1,7470988090979421463,0
ğŸ˜‚ğŸ˜‚ğŸ˜‚,7470988090979421463,1739481280,7471015062703588118,1,7470988090979421463,0
"Es ist erschÃ¼tternd, dass erneut unschuldige Menschen zu Opfern werden, wÃ¤hrend die Debatte oft mehr ideologische KÃ¤mpfe als echte LÃ¶sungen liefert.",7470988090979421463,1739480751,7471012836181918486,1,7470988090979421463,0
Nur noch ğŸ’™ğŸ’™ğŸ’™,7470988090979421463,1739694943,7471932656681059095,0,7470988090979421463,0
"Was wÃ¼rden die wohl sagen, wenn es ihr Kind gewesen wÃ¤re ğŸ¤”ğŸ˜¬",7470988090979421463,1739693113,7471924854229451542,0,7470988090979421463,0
"Ja, wer nÃ¼tzt denn jetzt den Anschlag?ğŸ¤”",7470988090979421463,1739647062,7471727043057025814,0,7470988090979421463,0
Die Wahrheit kommt vom sendemast ğŸ’™ğŸ˜‚ğŸ˜ğŸ¤—,7470988090979421463,1739642211,7471706261412152086,0,7470988090979421463,0
â¤ï¸,7470988090979421463,1739638479,7471690185048032022,0,7470988090979421463,0
"Noch nichts begriffen.
Traurig, was muss noch passieren",7470988090979421463,1739562982,7471365942708323094,0,7470988090979421463,0
wann kommt die Verdi zur Vernunft?,7470988090979421463,1739556850,7471339581646357270,0,7470988090979421463,0
ğŸ’™ğŸ’™ğŸ’™,7470988090979421463,1739553036,7471323311138456342,0,7470988090979421463,0
"Hass und Hetze lernt man bevorzugt bei Linken und GrÃ¼nen. Und weil sie glauben, dass sie die Guten sind, dÃ¼rfen sie das. Das schlimme ist, sie merken nicht mehr, dass sie Hass und Hetze verbreiten.",7470988090979421463,1739552810,7471322201843057430,0,7470988090979421463,0
ğŸ’™ğŸ’™ğŸ’™ğŸ’™ğŸ’™ğŸ’™ğŸ’™ğŸ’™ğŸ’™ nur AfD kann uns retten ğŸ’™ğŸ’™ğŸ’™ğŸ’™ğŸ’™ğŸ’™ğŸ’™ğŸ’™ğŸ’™ğŸ’™ğŸ’™ğŸ’™ğŸ’™ğŸ’™ğŸ’™ğŸ’™ğŸ’™ğŸ’™ğŸ’™ğŸ’™ğŸ’™wir wollen nicht sterben ğŸ’™ğŸ’™wir sind nicht kollateralschaden fÃ¼r alt Parteien ğŸ’™ğŸ’™ğŸ’™ğŸ’™ğŸ’™ğŸ’™ğŸ’™ğŸ’™ğŸ’™,7470988090979421463,1739552160,7471319449498010390,0,7470988090979421463,0
Wir brauchen mehr Afghanen die gerne Auto fahren,7470988090979421463,1739546278,7471294196357153558,0,7470988090979421463,0
Ich kann diesen Linken Mist nicht mehr hÃ¶ren.,7470988090979421463,1739545148,7471289358549943062,0,7470988090979421463,0
Gewerkschaften sind mittlerweile unertrÃ¤glich. Bin 2021 ausgetreten.,7470988090979421463,1739544957,7471288479420449558,0,7470988090979421463,0
https://amp.focus.de/politik/deutschland/gruenen-politiker-stroebele-will-inzest-erlauben-abschaffung-des-paragrafen-173_id_2535712.html,7470988090979421463,1739543949,7471284148491191062,0,7470988090979421463,0
ğŸ˜¡ğŸ˜¡ğŸ˜¡ğŸ˜¡ğŸ˜¡ğŸ˜¡ Weg mit dem ganzen.... nur noch ğŸ’™ğŸ’™ğŸ’™ğŸ’™ğŸ’™ğŸ’™ğŸ’™ğŸ’™ğŸ’™ğŸ‘,7470988090979421463,1739543640,7471282836773569302,0,7470988090979421463,0
Wie krank ist das????? Das die kein schlechtes Gewissen haben?! Ob die auch noch blabla machen wenn es die eigene Familie trifftğŸ˜¡,7470988090979421463,1739542079,7471276125413606146,0,7470988090979421463,0
kÃ¤mpft und demonstriert gegen Gewalt und fÃ¼r sicherheit..,7470988090979421463,1739541947,7471275607331930903,0,7470988090979421463,0
"Ich habe den Eindruck, sie wÃ¼rden es nicht mal merken, wenn es ihre Kinder wÃ¤ren ğŸ˜”",7470988090979421463,1739538171,7471259315577324310,0,7470988090979421463,0
AttentÃ¤ter von der AfD bezahlt um mehr hetzen zu kÃ¶nnen evtl?,7470988090979421463,1739536922,7471254034083808023,0,7470988090979421463,0
Das kann man sich nicht mehr anhÃ¶ren. Statt Mitleid mit den Opfern inszenieren die sich als moralische Instanz. Was stimmt mit solchen Leuten nicht?,7470988090979421463,1739535471,7471247683426206486,0,7470988090979421463,0
ğŸ˜‚ğŸ˜‚ğŸ˜‚ğŸ˜‚ğŸ˜‚,7470988090979421463,1739535338,7471247215739028246,0,7470988090979421463,0
Ich kÃ¶nnte nur noch koâ€¦â€¦,7470988090979421463,1739533981,7471241320746238742,0,7470988090979421463,0
"Wer noch nicht Ã¼berfahren oder erstochen wurde , sollte am 23.2 wÃ¤hlen gehen !!",7470988090979421463,1739533299,7471238316220269334,0,7470988090979421463,0
Denk ihr auch mal an die Opfer??????,7470988090979421463,1739533077,7471237406026498838,0,7470988090979421463,0
Das muss was mit der Impfung zutun haben.ğŸ’™ğŸ’™,7470988090979421463,1739530241,7471225134957249302,0,7470988090979421463,0
"Jedes mal wenn eine rechtsextreme Tat passiert, machen Linke genau das. Was ein ...",7470988090979421463,1739530187,7471225007546057494,0,7470988090979421463,0
Mein Haus =Meine Regeln ğŸ˜,7470988090979421463,1739530082,7471224591697068822,0,7470988090979421463,0
ğŸ™ˆğŸ™ˆğŸ™ˆ,7470988090979421463,1739530068,7471224534759490326,0,7470988090979421463,0
"Niemand hetzt, die Tat spricht fÃ¼r sich.",7470988090979421463,1739530067,7471224549510726422,0,7470988090979421463,0
"Die Tat war absolut nicht nachvollziehbar, aber bitte nicht alle in eine Schublade packen",7470988090979421463,1739530061,7471224454384403222,0,7470988090979421463,0
Deutschland schafft sich ab.ğŸ¤¦â€â™‚ï¸ğŸ˜¡,7470988090979421463,1739529598,7471222449645486870,0,7470988090979421463,0
"boah ist das widerlich, ich spreche meine tiefste Verachtung aus.",7470988090979421463,1739529370,7471221548641403670,0,7470988090979421463,0
ğŸ–¤ğŸ’™,7470988090979421463,1739529095,7471220309820506902,0,7470988090979421463,0
Leute Leute Es geht doch nicht um die Hetze es geht um Sicherheit Du lebst lieber bei Veranstalten in Zukunft mit hÃ¶chsten Sicherheitsstufen ? Armes Deutschland,7470988090979421463,1739528959,7471219608017896214,0,7470988090979421463,0
Wie immer das selbe Gerede. Weiter geht's und nun warten wir auf das nÃ¤chste Ereignis,7470988090979421463,1739528905,7471219403180671766,0,7470988090979421463,0
"Die gleichen Leute, die behaupten, die Welle gelesen und verstanden zu haben, sind genau die, die mitmachen.",7470988090979421463,1739527952,7471215391584027414,0,7470988090979421463,0
"â•”â•â•â•â•à¼ºâ€à¼»à¼ºâ€à¼»â•â•â•â•â•—
*ğŸš© ğŸ©·ğŸ©·âœ²DieLinkeâœ²ğŸ©·ğŸ©· ğŸš©*
â•šâ•â•â•â•à¼ºâ€à¼»à¼ºâ€à¼»â•â•â•â•â•",7470988090979421463,1739527813,7471214827026154262,0,7470988090979421463,0
"â•”â•â•â•â•à¼ºâ€à¼»à¼ºâ€à¼»â•â•â•â•â•—
*ğŸš©â€¼ï¸#niewiederistjetzt â€¼ï¸ğŸš©*
â•šâ•â•â•â•à¼ºâ€à¼»à¼ºâ€à¼»â•â•â•â•â•",7470988090979421463,1739527807,7471214734504690454,0,7470988090979421463,0
"â•”â•â•â•â•à¼ºâ€à¼»à¼ºâ€à¼»â•â•â•â•â•—
â€¼ï¸#keinmillimeternachrechtsâ€¼ï¸â•šâ•â•â•â•à¼ºâ€à¼»à¼ºâ€à¼»â•â•â•â•â•",7470988090979421463,1739527805,7471214634793976598,0,7470988090979421463,0
ğŸ¤£ğŸ¤£ğŸ¤£ğŸ¤£,7470988090979421463,1739527308,7471212587356701462,0,7470988090979421463,0
"Ich hoffe, Sie haben Ihr XRP und Ihre Kryptos mit der empfohlenen Treuhand -Brieftaschen -App gesichert und sich fÃ¼r maximale Sicherheit in das QFS -Ledger einstellen.",7470988090979421463,1739527183,7471212104831566597,0,7470988090979421463,0
Da bekomme ich Brechreiz wenn ich das hÃ¶re ğŸ™ˆâ€¦.,7470988090979421463,1739525364,7471204338212422422,0,7470988090979421463,0
"Es ist heute zum Guten Ton geworden gegen rechts offentlich was von sich geben, aber zu Hause alle kotzen",7470988090979421463,1739525220,7471203726435336982,0,7470988090979421463,0
"Muss es erst euch selbst, eure Kinder, Eltern, Famile oder Freunde treffen? Wie kommt man zu einer so wirren Schlussfolgerung und mÃ¶chte nicht am eigentlichen Problem arbeiten? ğŸ¤·ğŸ½ğŸ¤”ğŸ–¤",7470988090979421463,1739524886,7471202132827702038,0,7470988090979421463,0
Einzelfall .. kann passieren .. gemeinsame Ziele .. ğŸ‘€ğŸ‘€,7470988090979421463,1739523943,7471198203825062678,0,7470988090979421463,0
Biedermann und die Brandstifterâ€¦,7470988090979421463,1739523720,7471197271535895318,0,7470988090979421463,0
ğŸ™ˆğŸ™ˆğŸ™ˆ,7470988090979421463,1739523368,7471195692269552406,0,7470988090979421463,0
denkt ihr irgendwann an die armen Opfer und die ordentlichen auslÃ¤ndischen MitbÃ¼rger? Wie lange geht der verblendete Wahnsinn noch?,7470988090979421463,1739522959,7471193921772421910,0,7470988090979421463,0
ISS klar ğŸ˜±,7470988090979421463,1739522475,7471191797747811094,0,7470988090979421463,0
Darum geht es Ã¼berhaupt nicht.,7470988090979421463,1739522369,7471191301318722326,0,7470988090979421463,0
Ihr habt doch den Schuss immer noch nicht gehÃ¶rt,7470988090979421463,1739521999,7471189782300640022,0,7470988090979421463,0
Tragisches Ereignis. Welch niedliche Umschreibung!,7470988090979421463,1739521926,7471189426066178838,0,7470988090979421463,0
es reicht,7470988090979421463,1739521730,7471188703957041942,0,7470988090979421463,0
"genau an solchen Menschen wie hier zu sehen, klebt Blut ğŸ˜”ğŸ˜”ğŸ˜”ğŸ˜”",7470988090979421463,1739521513,7471187664148284182,0,7470988090979421463,0
"VorwÃ¤rts und nicht vergessen
Worin unsere StÃ¤rke besteht!
Beim Hungern und beim Essen
VorwÃ¤rts und nie vergessen:
Die SolidaritÃ¤t!",7470988090979421463,1739520784,7471184565706392342,0,7470988090979421463,0
"Ich habe in der Schule gelernt, dass ein Einzelfall ja nur *einmal* vorkommt! Wie kann es dann sein, dass es so oft passiert? ğŸ¤¯ğŸ¤·â€â™‚ï¸ğŸ¤®",7470988090979421463,1739520742,7471184372630127382,0,7470988090979421463,0
"Ihr kÃ¶nnt sagen was ihr wollt ........da kommt noch mehr, das war noch nicht alles. ğŸ˜¡ğŸ˜¡ğŸ˜¡ğŸ˜¡ schaut weg u. akzeptiert das alles. ğŸ‘",7470988090979421463,1739520734,7471184339163792150,0,7470988090979421463,0
Respekt ğŸ‘ğŸ‘,7470988090979421463,1739519604,7471179552941998870,0,7470988090979421463,0
Das ist krank !!!!,7470988090979421463,1739519307,7471178222862795543,0,7470988090979421463,0
Also die einzigen die hier pauschalisieren sind doch die die anderen vorwerfen das sie pauschalisieren wÃ¼rden. Nette Taktik.,7470988090979421463,1739519239,7471177929517105922,0,7470988090979421463,0
Wer hetzt sind die Demos und Omas gegen Rechts,7470988090979421463,1739518700,7471175722455892758,0,7470988090979421463,0
schlau wÃ¤hlen und der Wahnsinn ist bald vorbei ğŸ‡©ğŸ‡ª,7470988090979421463,1739518226,7471173583466332950,0,7470988090979421463,0
"Ja genau , wir warten jetzt einfach mal auf den nÃ¤chsten Anschlag und der nÃ¤chsten Demo â€¦ Warum geht Ihr nicht gegen die Gewalt auf die StraÃŸe ???? WARUM ?",7470988090979421463,1739518071,7471172868874912534,0,7470988090979421463,0
Bitte. Ruhe. Endlich Ruhe,7470988090979421463,1739517472,7471170270224450306,0,7470988090979421463,0
Und immer noch haben sie nix verstanden.,7470988090979421463,1739517157,7471168906050601750,0,7470988090979421463,0
"Eine politische Gewerkschaft, kannte ich noch nicht.",7470988090979421463,1739516222,7471164936653964055,0,7470988090979421463,0
"Also wenn ich die Rede richtig verstanden habe, ist der Amokfahrer immer noch besser laut Aussage des Redners, als jeder AFD AnhÃ¤ngerğŸ˜¡ğŸ˜¡ğŸ˜¡ Ich werde aus der Gewerkscgaft austrettenğŸ˜¡ğŸ˜¡ğŸ’™ğŸ’™ğŸ’™ğŸ‘ğŸ‘ğŸ‘",7470988090979421463,1739516102,7471164365770998550,0,7470988090979421463,0
Gewerkschaft ist doch freiwilligğŸ¤” einfach austreten ğŸ˜,7470988090979421463,1739516074,7471164381511189270,0,7470988090979421463,0
bin sprachlos ğŸ¤¦ğŸ»â€â™‚ï¸also weiter so â˜ğŸ»,7470988090979421463,1739515766,7471162938780631830,0,7470988090979421463,0
und das ist die Gewerkschaft,7470988090979421463,1739515725,7471162788334928662,0,7470988090979421463,0
"Sie sind die Schlimmsten! Hand in Hand wird der Antifa,einfach zum kotzen",7470988090979421463,1739515329,7471161149003318038,0,7470988090979421463,0
Ich kann nur noch den Kopf schÃ¼tteln.,7470988090979421463,1739514870,7471159129978815254,0,7470988090979421463,0
Es waren wahrscheinlich keine Freunde oder AngehÃ¶rige bei den Opfern,7470988090979421463,1739514266,7471156554860544790,0,7470988090979421463,0
Wir lassen uns nicht spalten ? Das hat die Politik geschafft ! Nicht Herkunft oder Hautfarben â€¦â€¦,7470988090979421463,1739514016,7471155450404258582,0,7470988090979421463,0
Genau und morgen gleich mal eine Demo gegen Rechts...unglaublich was hier in DEUTSCHLAND abgeht,7470988090979421463,1739513162,7471151670711583510,0,7470988090979421463,0
Staatstroll,7470988090979421463,1739512693,7471149760834536214,0,7470988090979421463,0
Seit ihr auch gegen Extremismus ?,7470988090979421463,1739511313,7471143721137390358,0,7470988090979421463,0
"Diese dumme Borniertheit ğŸ˜¡ alles beim Alten belassen, kommt alle her, wir zahlen gerneâ€¦ ach, wir kÃ¶nnen uns nicht mehr versammeln, egalâ€¦ wer braucht schon Freiheit â€¦ ğŸ¤®ğŸ¤®",7470988090979421463,1739511077,7471142490219234070,0,7470988090979421463,0
Bis jemand im eigenen Umfeld dabei getÃ¶tet wird ...ğŸ¤”,7470988090979421463,1739511058,7471142664222901014,0,7470988090979421463,0
Unglaublich. Wie widerlich manche sind.Einen Anschlag auf unschuldige Menschen so dermaÃŸen zu instrumentalisieren und ne Demo gegen Rechts zu machen.Ihr widert mich an.,7470988090979421463,1739510658,7471140731719058198,0,7470988090979421463,0
Diesem Land kann man nicht mehr helfen ğŸ¤¦ğŸ¤¦ğŸ¤¦ğŸ¤¦ğŸ¤¦,7470988090979421463,1739510553,7471140328378729239,0,7470988090979421463,0
Man muss eine LÃ¼ge nur oft genug wiederholen dann wird sie wahr .,7470988090979421463,1739510535,7471140256223265558,0,7470988090979421463,0
Ihr habt es leider immer noch nicht kapiert ğŸ’™ğŸ’™ğŸ’™,7470988090979421463,1739510230,7471138921314534166,0,7470988090979421463,0
Deswegen nur AFD ğŸ’™ğŸ’™ğŸ’™ğŸ’™ğŸ’™ğŸ’™ğŸ’™ğŸ’™,7470988090979421463,1739509184,7471134290165465878,0,7470988090979421463,0
SchÃ¤men die sich nicht. Vor den Opfern. Ich bin wirklich schockiert und mir fehlen die Worte Ã¼ber solche Dreistigkeit,7470988090979421463,1739508505,7471131336796570390,0,7470988090979421463,0
Ahhhh war das jetzt schon die Demo gegen Rechts? ğŸ˜‚also brauchen nichtmal einen Tag um das Thema zu wechseln,7470988090979421463,1739507660,7471127474811749142,0,7470988090979421463,0
"Einfach nur noch irre,wie alles verdreht und gelogen wirdğŸ˜¡.....Hass und Hetze von Gutmenschen ğŸ˜¡...findet mal den FehlerğŸ‘",7470988090979421463,1739507464,7471126601821881110,0,7470988090979421463,0
Bravo. Deeskalation und Empathie.,7470988090979421463,1739507197,7471125342348182294,0,7470988090979421463,0
Unfassbar diese DemoğŸ˜”,7470988090979421463,1739507000,7471124551428047638,0,7470988090979421463,0
"Das ist passiert, das ist Fakt.Man darf es doch wohl benennen, was ist daran Hetze. Ich fass es nicht .",7470988090979421463,1739506657,7471122891496522498,0,7470988090979421463,0
ğŸ–¤ğŸ–¤FÃœR DIE NOTWENDIGE ASYLWENDE ğŸ–¤ğŸ–¤ğŸ–¤,7470988090979421463,1739506588,7471123001678332694,0,7470988090979421463,0
Tage in Deutschland ohne Terroranschlag ! 1,7470988090979421463,1739505977,7471120084427211542,0,7470988090979421463,0
Na klar denn sind sie wieder krank.wenn sie sowas machen,7470988090979421463,1739505548,7471118117776802582,0,7470988090979421463,0
"Was hat es mir HETZEN zu tun,wenn man will das sein land SICHER IST????",7470988090979421463,1739504955,7471115774373069570,0,7470988090979421463,0
Wisst ihr noch was damals in den USA mit den Indianern passiert ist? Jetzt sind wir die Indianer.,7470988090979421463,1739504400,7471113250186019606,0,7470988090979421463,0
"If you're looking for a way to increase your earnings and work from home, I'm living proof that it's possible! I'm making up to $40k a week and loving every minute of it, Dm me.",7470988090979421463,1739503133,7471108868552229637,0,7470988090979421463,0
man kann es nicht mehr hÃ¶ren...merkt ihr eigentlich noch was?!,7470988090979421463,1739499350,7471091939086353174,0,7470988090979421463,0
ğŸ’™ğŸ’™ğŸ’™ğŸ’™ğŸ’™,7470988090979421463,1739497936,7471085739062543126,0,7470988090979421463,0
"Reden kann jeder,wo sind die Taten.",7470988090979421463,1739497698,7471084944262349590,0,7470988090979421463,0
"Ich finde es schon ziemlich frech sich, dahin zu stellen und behaupten, dass diese grauenhafte Tat nur wieder gut fÃ¼r Hetze ist. Es reicht einfach. Punkt",7470988090979421463,1739496098,7471078116334666498,0,7470988090979421463,0
Wir brauchen weiterhin unbegrenzte Zuwanderung! Nur so kann die Wirtschaft wieder wachsen und die Renten gesichert werden. Grenzkontrollen sofort beenden!,7470988090979421463,1739495825,7471076972471878422,0,7470988090979421463,0
ğŸ‘ğŸ‘ğŸ‘,7470988090979421463,1739494956,7471073183371608854,0,7470988090979421463,0
"ich verstehe folgendes nicht, in diesem Land leben Chinesen, Vietnamesen, Polen, Griechen, Portugiesen etc. warum machen die eigentlich keine AnschlÃ¤ge?",7470988090979421463,1739493619,7471067653991023382,0,7470988090979421463,0
Opfer kÃ¶nnen sich nicht wehren. HeimtÃ¼ckische Attentat der Absicht den Staat zu schaden,7470988090979421463,1739493513,7471065781692023584,0,7470988090979421463,0
ğŸ’™ğŸ’™ğŸ’™ğŸ’™ğŸ’™ğŸ’™ğŸ’™ğŸ’™ğŸ’™ğŸ’™,7470988090979421463,1739493369,7471066681234916118,0,7470988090979421463,0
Warum er steht nicht vor auto?ğŸ’™ğŸ’™ğŸ’™ğŸ’™,7470988090979421463,1739493352,7471066314922558230,0,7470988090979421463,0
"Vielleicht ist der ja von der AfD bezahlt worden. Wenn schon VerschwÃ¶rungstheorien, dann funktioniert das auch in die andere Richtung. ğŸ˜ğŸ˜",7470988090979421463,1739493224,7471066031420506882,0,7470988090979421463,0
Was klatscht da?.?,7470988090979421463,1739493089,7471065317492327190,0,7470988090979421463,0
es wird wohl noch viele Opfer geben,7470988090979421463,1739491094,7471056901762843414,0,7470988090979421463,0
ğŸ‘ğŸ‘ğŸ‘,7470988090979421463,1739490576,7471054748629222166,0,7470988090979421463,0
"wenn sich herausstellt, dass es ein Anschlag war??? Was sonst, Verkehrsunfall?",7470988090979421463,1739490396,7471052880457220896,0,7470988090979421463,0
ğŸ’™ğŸ’™ğŸ’™ AFD ğŸ’™ğŸ’™ğŸ’™,7470988090979421463,1739489836,7471051633695523606,0,7470988090979421463,0
Gehtâ€™s eigentlich noch,7470988090979421463,1739489803,7471051479882384150,0,7470988090979421463,0
SystemgeschÃ¤digt ğŸ˜¡,7470988090979421463,1739489385,7471049711744008982,0,7470988090979421463,0
ğŸŒ¹ğŸŒ¹ğŸŒ¹,7470988090979421463,1739489315,7471049337470042902,0,7470988090979421463,0
"Ich kann es nicht mehr hÃ¶ren, TÃ¤ter Opfer Umkehr ist einfach so daneben. Komplett Versagen seit dem Breitscheid Platz.",7470988090979421463,1739489085,7471048365549126422,0,7470988090979421463,0
Deutschland ist schon lange gespalten. Die Rede ist ein alter Hut der nicht mehr so ganz passt.,7470988090979421463,1739489064,7471048405163344662,0,7470988090979421463,0
ğŸ’™ğŸ’™,7470988090979421463,1739488927,7471047699413926678,0,7470988090979421463,0
"Ich war zwar nicht in euerer Gewerkschaft, ich mÃ¶chte jedoch trotzdem aussteigen !",7470988090979421463,1739488917,7471047800990483222,0,7470988090979421463,0
ğŸ’™,7470988090979421463,1739488543,7471046165678719766,0,7470988090979421463,0
Nichts dazu gelernt.. ğŸ˜¡,7470988090979421463,1739488365,7471045363148374806,0,7470988090979421463,0
Warum reden die Politiker nicht Ã¼ber den gestrigen tÃ¶dlichen Messerangriff in Erfurt?? Weil es eine Deutsche war!!!,7470988090979421463,1739488239,7471044771093627670,0,7470988090979421463,1
â¤ï¸â¤ï¸â¤ï¸,7470988090979421463,1739488165,7471044498232623894,0,7470988090979421463,0
SuuuuperğŸ’™ğŸ’™ğŸ’™,7470988090979421463,1739487969,7471043634961220374,0,7470988090979421463,0
aber hetzen gegen blaue Farbe und deren WÃ¤hler ist erlaubt,7470988090979421463,1739485349,7471032495292547863,0,7470988090979421463,0
Jawoll ğŸ«¡ und weiter gehst mit uns kann man es ja machen ..ğŸ˜‚ğŸ˜‚ğŸ˜‚ğŸ˜‚ in Deutschland bist du sicher,7470988090979421463,1739484989,7471030956200674070,0,7470988090979421463,0
ğŸ¥°ğŸ¥°ğŸ¥°,7470988090979421463,1739484920,7471030681175802646,0,7470988090979421463,0
"Einfach ohne Worte. Wie krank. Wenn es ihre Familien treffen sollte, redet der Typ und die Klatscher auch noch so ???",7470988090979421463,1739484842,7471030270294344470,0,7470988090979421463,0
Und Jamila SchÃ¤fer hÃ¤ngt sich wieder dran...,7470988090979421463,1739484645,7471029436663694102,0,7470988090979421463,0
ğŸ˜˜ğŸ˜˜ğŸ˜˜ğŸ˜˜ğŸ˜˜ğŸ˜˜,7470988090979421463,1739484435,7471028614973375254,0,7470988090979421463,0
ğŸ¥°ğŸ¥°ğŸ¥°ğŸ¥°ğŸ¥°ğŸ¥°ğŸ¥°,7470988090979421463,1739484432,7471028517486199574,0,7470988090979421463,0
ğŸ‘ğŸ‘ğŸ‘ğŸ‘ğŸ‘ğŸ‘ğŸ‘,7470988090979421463,1739484428,7471028516488938242,0,7470988090979421463,0
Wundervoll! Es geht um die Opfer und nicht um die IdentitÃ¤t des TÃ¤ters! Zusammen trauern und zusammen halten und fÃ¼r die Opfer da sein! Mein aufrichtiges Beileid â¤ï¸â¤ï¸â¤ï¸,7470988090979421463,1739484413,7471028422489703190,0,7470988090979421463,0
ğŸ˜³ğŸ˜³ğŸ˜³,7470988090979421463,1739484350,7471028156876964630,0,7470988090979421463,0
Gegen Faschismus !!!!!,7470988090979421463,1739483986,7471026618653393686,0,7470988090979421463,0
Was zur Tat bekannt ist: https://www.tagesschau.de/inland/gesellschaft/muenchen-autofahrer-menschenmenge-demo-100.html?at_medium=whatsapp_channel&at_campaign=tagesschau.de,7470988090979421463,1739483920,7471026345604006678,0,7470988090979421463,0
Wir sind die Nachtschicht der Logistik Gruppe in Homberg. Wir sind in Gedanken und mit dem Herzen bei euch Leute....,7470988090979421463,1739483785,7471025810192220950,0,7470988090979421463,0
"Nein, ich Hetze nicht gegen die Menschen die sich integriert haben. Ich klage die regierenden Politiker an, denn sie tragen die Verantwortung",7470988090979421463,1739483509,7471024660180681494,0,7470988090979421463,0
Deshalb ğŸ’™ Bayern,7470988090979421463,1739483268,7471023554517140246,0,7470988090979421463,0
Hat ja nicht lange gedauert ğŸ˜œ,7470988090979421463,1739482920,7471022067246285590,0,7470988090979421463,0
furchtbar,7470988090979421463,1739482243,7471019219010945814,0,7470988090979421463,0
Und weiter Demonstrationen gegen rechts unterstÃ¼tzen ğŸ™„,7470988090979421463,1739482008,7471018151486112534,0,7470988090979421463,0
ğŸ˜‚,7470988090979421463,1739479736,7471008448726385430,0,7470988090979421463,0
wie die lemminge. betreutes denken.,7470988090979421463,1739608137,7471559880399389462,0,7470988090979421463,0
Ich bin fassungslos â€¦ lauter empathielose ğŸ‘ğŸ‘ğŸ‘ğŸ‘ğŸ‘ğŸ˜±,7470988090979421463,1739525102,7471203136796312342,0,7470988090979421463,0
"Aber keiner von den Zartsprechern will Migranten in seiner Wohnung haben, kÃ¼mmern sollen sich andere",7470988090979421463,1739515641,7471162486520857366,1,7470988090979421463,0
"Ich befÃ¼rchte, diese Gefahr haben immer noch zu wenige verstanden. Ein Grund mehr weiter zu machen, aktiv und laut zu bleiben. Auch deswegen bin ich #TeamGrÃ¼n und #TeamRobert.",7473926139635944726,1740159366,7473927407713141526,7,7473926139635944726,0
"dann hoffen wir Mal das wir EuropÃ¤er uns Zusammenraufen, denn dann brauchen wir uns vor den USA nicht verstecken.. Einigkeit ist jetzt wichtig",7473926139635944726,1740164867,7473951019724145430,3,7473926139635944726,0
Ich vertraue am meisten jetzt Team Habeck.ğŸ’š Bitte Rede von Franziska Brentele zum genau diese Thema hÃ¶ren. Merz vertraue ich Ã¼berhaupt nicht mehr. Sein Wort ist nichts mehr wert. #EuropeUnited,7473926139635944726,1740161814,7473937972459619094,2,7473926139635944726,0
"â•”â•â•â•â•à¼ºâ€à¼»ğŸ‡©ğŸ‡ªà¼ºâ€à¼»â•â•â•â•â•—
ğŸ•Šï¸ğŸ‡©ğŸ‡ªğŸ’™ Alice fÃ¼r Deutschland ğŸ’™ğŸ‡©ğŸ‡ªğŸ•Šï¸â•šâ•â•â•â•à¼ºâ€à¼»ğŸ¦…à¼ºâ€à¼»â•â•â•â•â•",7473926139635944726,1740249473,7474314386344870679,1,7473926139635944726,0
"Wir mÃ¼ssen das verhindern, die Gefahr war, seit 1933, nie grÃ¶ÃŸer wie jetzt. Ich hoffe Europa bricht nicht auseinander.",7473926139635944726,1740166411,7473957711819981590,1,7473926139635944726,0
Deshalb ğŸ’š,7473926139635944726,1740161471,7473936509431710486,1,7473926139635944726,0
die gefahr ist grÃ¼n und weiter links.,7473926139635944726,1741548929,7479895654811730710,0,7473926139635944726,0
Warum sollte man die dfb mir einer grÃ¼nen Flagge unterstÃ¼tzen warum nicht eine Deutschlandflagge,7473926139635944726,1740764698,7476527399417971478,0,7473926139635944726,0
"â—¢ğŸ‡©ğŸ‡ªâ—£Â Â Â Â Â Â Â Â Â Â Â  â—¢ğŸ‡©ğŸ‡ªâ—£
ğŸ’™ğŸ’™ğŸ’™â—£ â—¢ğŸ’™ğŸ’™ğŸ’™
â—¥ğŸ’™ğŸ’™ğŸ’™ğŸ’™ğŸ’™ğŸ’™â—¤
Â Â Â  â—¥ğŸ’™ğŸ’™ğŸ’™ğŸ’™â—¤
Â Â Â Â Â Â Â Â Â â—¥ğŸ’™ğŸ’™â—¤
Â Â Â Â Â Â Â Â Â Â Â Â Â â—¥ â—¤",7473926139635944726,1740249457,7474314319557526294,0,7473926139635944726,0
Wir brauchen europÃ¤ische Tech Plattformen !,7473926139635944726,1740178254,7474008540857336578,0,7473926139635944726,0
Eine sehr klare Haltung.,7473926139635944726,1740178214,7474008334061372182,0,7473926139635944726,0
ğŸ˜,7473926139635944726,1740174684,7473993212009972502,0,7473926139635944726,0
"Wer blau wÃ¤hlt, will auch damals wieder. Deshalb nur noch â¤ï¸â¤ï¸â¤ï¸wir sind viel mehr ğŸ‘«ğŸ‘«ğŸ‘«80%â¤ï¸â¤ï¸â¤ï¸Europe United â¤ï¸â¤ï¸",7473926139635944726,1740168761,7473967792883516182,0,7473926139635944726,0
ğŸ’ªğŸ’ªğŸ’ª,7473926139635944726,1740163339,7473944526667825942,0,7473926139635944726,0
Fakt ist das der Schwung nach links hat versagt und das Pendel schwingt sich endlich wieder aus â€¦â€¦.,7473926139635944726,1740159652,7473928658991301398,0,7473926139635944726,2
"Hallo, wie geht es dir? Ich mÃ¶chte dich gerne nÃ¤her kennenlernen. Ich habe dein Profil gefunden und du bist sehr hÃ¼bsch. Nimm meine Freundschaftsanfrage an und lass uns privat chatten.",7473926139635944726,1742259173,7482946048978502406,0,7473926139635944726,0
Philipp Amtor lÃ¤ast sie nicht mal aussprechen was soll das denn??,7473559094121483542,1740088189,7473621675948606230,15,7473559094121483542,0
"Na,das ist AfD-Sprech",7473559094121483542,1740082318,7473596504789107478,11,7473559094121483542,0
die CDU hat viel lÃ¼gen bei der AFD gelernt,7473559094121483542,1740132143,7473810412191400726,5,7473559094121483542,1
Phipps Amthmussen ist ja nicht mal lustig,7473559094121483542,1740158236,7473922565502386966,3,7473559094121483542,0
"Die CDU ist sich einfach nicht zu schade, einem ins Gesicht zu lÃ¼gen, damit sie mit den dog whistles weitermachen kÃ¶nne",7473559094121483542,1740125090,7473780141202801430,3,7473559094121483542,0
ğŸ’šğŸ’šğŸ’š,7473559094121483542,1740118191,7473750369152598806,3,7473559094121483542,0
Amthor beim lÃ¼gen erwischen ist ungefÃ¤hr so schwer wie ihn beim atmen zu erwischen,7473559094121483542,1742221825,7482785708160058134,3,7473559094121483542,0
"Keine LÃ¼ge, nur ne kleine Amthorheit. Jeden Tag eine, und das stimmt jetzt wirklich!",7473559094121483542,1740660656,7476080498996151063,1,7473559094121483542,1
AfD und CDU mÃ¼ssen verboten werden,7473559094121483542,1743321259,7487507730510824214,0,7473559094121483542,0
"Na ja, er hat eigentlich gesagt, dass das was Merz gesagt hat falsch ist ğŸ¤”",7473559094121483542,1742317686,7483197409693565698,0,7473559094121483542,0
Ist nicht schwer ğŸ˜‚,7473559094121483542,1741867773,7481265031553385238,0,7473559094121483542,0
"Welche Sendung auch immer das war, warum werden denn nirgends live Faktenchecks durchgefÃ¼hrt ?! So hÃ¤tte man die LÃ¼ge sofort enttarnt.",7473559094121483542,1741381758,7479177657172181782,0,7473559094121483542,0
âœŒï¸âœŒï¸âœŒï¸,7473559094121483542,1740404459,7474980039605273366,0,7473559094121483542,0
Daher beide Stimmen an die GrÃ¼nen. ğŸ’š Mit **Robert Habeck** die Zukunft gestalten und nicht in die Vergangenheit zurÃ¼ckfallen mit ğŸ¤® Gelb/Schwarz/Braun-Blau ğŸ¤®,7473559094121483542,1740267263,7474390711531586326,0,7473559094121483542,0
"Demokratie Rules!
Bitte Spendet! Demos alleine genÃ¼gen nicht!
https://freiheitsrechte.org/themen/demokratie/afd-gutachten
ğŸ–¤â¤ï¸ğŸ’›",7473559094121483542,1740094525,7473648833621361430,0,7473559094121483542,0
