video_id,create_time,id,like_count,parent_comment_id,reply_count,text
7465015397410934038,1738089777,7465038553392825110,3,7465015397410934038,0,Was Merz sagt ist gegen das Grundgesetz und etliche abkommen sowie Menschenrechte. Wie immer bei merz - nichts zuende gedacht.
7465015397410934038,1738084890,7465017558522921750,3,7465015397410934038,5,"1 Merz bringt AntrÃ¤ge zur Abstimmung die von 2/3 der Menschen in diesem Land gewollt sind, wenm die AfD zustimmt, stimmt sie zu. Warum sollte sich die Union vom Abstimmungsverhalten anderer"
7465015397410934038,1738098933,7465077909368947478,2,7465015397410934038,0,CDU Bochums Brandmauer so: ğŸ«¥
7465015397410934038,1738098845,7465077551011332886,2,7465015397410934038,0,Max spricht Fakten ğŸ«³ğŸ¤
7465015397410934038,1738084653,7465016505132335894,2,7465015397410934038,0,"Alles Einheitsparteien der Israelis mit der USA!
Wann begreift Ihr das???"
7465015397410934038,1738113348,7465138771102532374,1,7465015397410934038,0,"HÃ¤tten uns auch nicht vorstellen kÃ¶nnen, dass die GrÃ¼nen keine anstÃ¤ndige LÃ¶sung fÃ¼r unsere Migrationskrise haben. Oh, doch..ğŸ¤”"
7465015397410934038,1740553224,7475618938047857430,0,7465015397410934038,0,ğŸ™ğŸ™ğŸ™
7465015397410934038,1740509558,7475431541292663574,0,7465015397410934038,0,ğŸ¥°ğŸ¥°ğŸ¥°ğŸ™ğŸ™
7465015397410934038,1740465845,7475243555020800790,0,7465015397410934038,0,ğŸ‘
7465015397410934038,1740460085,7475218271715214102,0,7465015397410934038,0,ğŸ™ğŸ™ğŸ™ğŸ™ğŸ™
7465015397410934038,1740460068,7475218488198972182,0,7465015397410934038,0,ğŸ‘ğŸ‘ğŸ‘ğŸ‘ğŸ‘
7465015397410934038,1740425375,7475069927998636822,0,7465015397410934038,0,Ja Anwalt kuban Hoffmeister Vater von Tilmann Politika CDU ja sie haben mein Mann getÃ¶tet in Barsinghausen Region Hannover
7465015397410934038,1740298771,7474526061008552726,0,7465015397410934038,0,ğŸ’™ğŸ’™ğŸ’™
7465015397410934038,1740138011,7473835614074274582,0,7465015397410934038,0,Wer sind sie denn sie erzÃ¤hlen doch nur Mist
7465015397410934038,1739889759,7472769468276785942,0,7465015397410934038,0,In einer Demokratie gibt es keine Brandmauer. Ein Grossteil der BevÃ¶lkerung hÃ¤tte den Antrag zugestimmt!!!
7465015397410934038,1739849379,7472595294887478018,0,7465015397410934038,0,ğŸ™ğŸ™
7465015397410934038,1739726513,7472068305379001110,0,7465015397410934038,0,nur ğŸ’™ğŸ’™ğŸ’™ grÃ¼n unter 5%
7465015397410934038,1739113562,7469435636417889046,0,7465015397410934038,0,ğŸ„ğŸ„ğŸ„
7465015397410934038,1739113559,7469435659154703126,0,7465015397410934038,0,â¤ï¸â¤ï¸â¤ï¸
7465015397410934038,1739113556,7469435622761120534,0,7465015397410934038,0,ğŸ‘ğŸ‘ğŸ‘
7465015397410934038,1738944445,7468709384911061762,0,7465015397410934038,0,Wo haben die den ausgegraben
7465015397410934038,1738155943,7465322667584979734,0,7465015397410934038,0,sei nicht traurig ğŸ˜‚ğŸ˜‚ğŸ˜‚. Doch es geht um Deutschland ğŸ‡©ğŸ‡ªğŸ’ª Germany First
7465015397410934038,1738148279,7465289822882513686,0,7465015397410934038,0,"Da muss man genau schauen, wer wirklich die Nazis sind."
7465015397410934038,1738143841,7465270501642306326,0,7465015397410934038,0,CDU/CSU = AFD= ğŸ‘
7465015397410934038,1738139056,7465250057542796054,0,7465015397410934038,0,Wer sind denn nazis im Bundestag? Sind die nicht alle gewÃ¤hlt?
7465015397410934038,1738131279,7465216613634884374,0,7465015397410934038,0,Nur AfD
7465015397410934038,1738113836,7465140672125109014,0,7465015397410934038,0,"Ich glaube nicht , dass die SPD noch eine demokratische Partei ist. Wer andere ausschliesst ist ein un-demokrat"
7465015397410934038,1738090718,7465042591203296022,0,7465015397410934038,0,"Ja, hÃ¤tte ich. Wundert mich nicht."
7465015397410934038,1738090474,7465041604178035478,0,7465015397410934038,0,UnterstÃ¼tze den Antrag!!!
7465015397410934038,1738089897,7465039155894993686,0,7465015397410934038,0,"ist ja jetzt nicht das erste Mal, dass konservative sich so verhalten ğŸ™„"
7465015397410934038,1738089825,7465038817637499670,0,7465015397410934038,0,Wer in der heutigen Zeit andere Nazis nennt hat keinen Anstand und verharmlost die Taten der Nazis.
7465015397410934038,1738086423,7465024227733832470,2,7465015397410934038,0,schwachkopf
7464635039221828886,1737997513,7464642300544205590,11,7464635039221828886,0,"So wichtig. Ich wÃ¼rde mir wÃ¼nschen, dass alle Menschen sich auf die Bedeutung dieses Satzes jeden Tag aufs Neue einlassen."
7464635039221828886,1738019975,7464738638338097942,7,7464635039221828886,0,Alles was zÃ¤hlt: Sei ein Mensch!!! Wir dÃ¼rfen niemals unsere Menschlichkeit verlieren!!!
7464635039221828886,1738001434,7464659125731148566,4,7464635039221828886,0,â™¥ï¸â™¥ï¸â™¥ï¸
7464635039221828886,1737996861,7464639473194795778,4,7464635039221828886,0,ğŸ™
7464635039221828886,1737997114,7464640551436043030,3,7464635039221828886,0,ğŸ™ğŸ™ğŸ™ğŸ™â™¥ï¸â™¥ï¸â™¥ï¸ğŸ™ğŸ™ğŸ™ğŸ™
7464635039221828886,1737997068,7464640376483709698,3,7464635039221828886,0,ğŸ¤â¤ï¸â€ğŸ©¹
7464635039221828886,1738053667,7464883319517479702,2,7464635039221828886,0,"Sehr weise Worte, ich vermisse es mit âœ‹ und fuss, 365 Tagen, im Bundestag. In einer Wiederholungsgeschte, in der wir uns befinden. â¤"
7464635039221828886,1738045362,7464847713885160214,2,7464635039221828886,0,ğŸ‘ğŸ‘ğŸ‘â¤ï¸ğŸ’š
7464635039221828886,1738022817,7464750602242622230,2,7464635039221828886,0,â¤ï¸â¤ï¸
7464635039221828886,1738314414,7466003094176269078,1,7464635039221828886,0,SEI EIN MENSCH ğŸ™ğŸ¼
7464635039221828886,1738100601,7465085050772800278,1,7464635039221828886,0,Danke Marcel Reif!ğŸ¥°ğŸ¥°ğŸ¥°.
7464635039221828886,1738077625,7464986365173170966,1,7464635039221828886,4,Nach 80 Jahren trauen sie noch Juden aber was ist mit 2. Weltkrieg gefallenen Millionen Deutschen wer denkt an die waren auch Menschen..
7464635039221828886,1738059010,7464906150876840726,1,7464635039221828886,0,ğŸ‘ğŸ‘ğŸ‘
7464635039221828886,1738039117,7464820163369059094,1,7464635039221828886,0,ğŸ‘ğŸ‘ğŸ‘ğŸ‘ğŸ‘ğŸ‘ğŸ‘ğŸ‘
7464635039221828886,1738036900,7464809876969407254,1,7464635039221828886,0,ğŸ¥°
7464635039221828886,1745094159,7495122321569497878,0,7464635039221828886,0,"Warum immer prominente,"
7464635039221828886,1740081985,7473595020379407126,0,7464635039221828886,0,Sei ein Mensch.. es sagt alles aus.. danke fÃ¼r die Worte Ihres Vaters Marcel Reif
7464635039221828886,1739265502,7470088058102252310,0,7464635039221828886,0,Drei Worte die alles andere NebensÃ¤chlich sein lÃ¤sst ğŸ’šğŸ’š
7464635039221828886,1738781829,7468010968980161302,0,7464635039221828886,0,Ja. Wees een mens.
7464635039221828886,1738172116,7465392251666285334,0,7464635039221828886,0,Danke fÃ¼r die Worte ğŸ’–ğŸ’–ğŸ’–ğŸ’–ğŸ’–
7464635039221828886,1738123799,7465183122931729174,0,7464635039221828886,0,â¤ï¸â¤ï¸â¤ï¸
7464635039221828886,1738086562,7465024702324982550,0,7464635039221828886,0,â¤ï¸ğŸ™
7464635039221828886,1738077768,7464987011875750678,0,7464635039221828886,0,â£ï¸ğŸ™ğŸ’¯
7464635039221828886,1738060165,7464911286376432406,0,7464635039221828886,0,ğŸ‘
7472018926864518422,1739728798,7472078171325039382,218,7472018926864518422,7,geh weinen du lulu
7472018926864518422,1739725799,7472065266114495254,188,7472018926864518422,2,Von mir noch einen Watschen oben drauf.
7472018926864518422,1739732935,7472095975025165078,82,7472018926864518422,1,Ich hab Ihn angezeigt= Das sag ich meiner Mami ğŸ˜‚ğŸ˜‚ğŸ˜‚ğŸ’™ğŸ’™ğŸ’™
7472018926864518422,1739734186,7472101327150285590,80,7472018926864518422,0,Deshalb wÃ¤hlen wir ğŸ’™ğŸ’™ğŸ’™
7472018926864518422,1739727333,7472071857022911254,68,7472018926864518422,0,"Max, was machst Du ab nÃ¤chster Woche?
Schon ein Hobby?"
7472018926864518422,1739716666,7472025973044888342,64,7472018926864518422,0,Gut gemachtğŸ‘ mach weiter so
7472018926864518422,1739722912,7472052891616969494,58,7472018926864518422,2,Warum wollen die so viele wÃ¤hlen? Es macht mich verrÃ¼ckt
7472018926864518422,1739730371,7472084948028293890,49,7472018926864518422,0,Spinner
7472018926864518422,1739727902,7472074311290438422,47,7472018926864518422,0,"Was ist den genau vorgefallen ? Mich wÃ¼rde die ganze Geschichte interessieren , auch deinen Anteil daran ."
7472018926864518422,1739727520,7472072646299026198,45,7472018926864518422,4,Schutz die Demokratie ğŸ’šâ¤ï¸ğŸ™ğŸ€ğŸ‡©ğŸ‡ªğŸ‘
7472018926864518422,1739738111,7472118171311702806,44,7472018926864518422,0,Die Watschen kriegst Du sowieso am 23.ğŸ˜‚
7472018926864518422,1739742621,7472137507753804566,43,7472018926864518422,1,"Der nÃ¤chste unfÃ¤hige Wirtschaftsminister, der 800 Kritiker anzeigt! Nicht wÃ¤hlbar!"
7472018926864518422,1739719371,7472037662263083798,43,7472018926864518422,1,Genau darum zeige ich auch alles an. Es muss dokumentiert werden!
7472018926864518422,1739730011,7472083396060250902,41,7472018926864518422,0,ğŸ˜‚ğŸ˜‚ğŸ˜‚ğŸ˜‚ğŸ˜‚ğŸ˜‚ nur noch ğŸ’™ğŸ’™ğŸ’™ğŸ’™ğŸ’™ğŸ’™ğŸ’™ğŸ’™ğŸ’™ğŸ‘ğŸ‘ğŸ‘ğŸ‘
7472018926864518422,1739733364,7472097748927644438,34,7472018926864518422,0,Von mir bekommst du auch noch eine. ğŸ’™
7472018926864518422,1739728680,7472077604507829014,33,7472018926864518422,0,"â•”â•â•â•â•à¼ºâ€à¼»ğŸ‡©ğŸ‡ªà¼ºâ€à¼»â•â•â•â•â•—
ğŸ•Šï¸ğŸ‡©ğŸ‡ªğŸ’™ Alice fÃ¼r Deutschland ğŸ’™ğŸ‡©ğŸ‡ªğŸ•Šï¸â•šâ•â•â•â•à¼ºâ€à¼»ğŸ¦…à¼ºâ€à¼»â•â•â•â•â•"
7472018926864518422,1739727996,7472074732126143234,28,7472018926864518422,0,"und trotzdem wird er gewÃ¤hlt ğŸ¤ª,und sie nicht ğŸ˜"
7472018926864518422,1739726988,7472070412671943426,27,7472018926864518422,6,Genau wir haben echt nichts wichtigeres zu tun.
7472018926864518422,1739740318,7472127662107214614,26,7472018926864518422,0,sehr gut! man muss bei all solchen Dingen so vorgehen! Grenzen setzen ist wichtig. ğŸ™ğŸ’šâ˜ºï¸
7472018926864518422,1739729592,7472081516312970006,19,7472018926864518422,0,"Und haben Sie ihn sicherlich nicht provoziert oder hat er das einfach so gets, die Altparteien haben uns hier hin gefÃ¼hrt das sagt sogar der Amerikanische Vice PrÃ¤sident"
7472018926864518422,1739731891,7472091421078848258,17,7472018926864518422,0,"Wo sind die Zeugen,ich glaube kein Wort ğŸ˜ğŸ¤¨"
7472018926864518422,1739748467,7472162070508307232,15,7472018926864518422,0,Korrekt! Es erÃ¶ffnet ihnen sonst immer weitere RÃ¤ume der GrenzÃ¼berschreitung! Das ist bereits viel zu lange zugelassen worden.
7472018926864518422,1739740390,7472127969109246742,15,7472018926864518422,0,Ich weiÃŸ garnicht wie traurig ich kuken soll ğŸ˜ğŸ˜..ğŸ‘ğŸ’™ğŸ’™ğŸ’™ğŸ’™ğŸ’™ğŸ‘
7472018926864518422,1739729075,7472079345227186966,15,7472018926864518422,0,Ich wie er weinen kann
7472018926864518422,1739730163,7472084054620455702,14,7472018926864518422,0,"So muss das sein, lasst euch nichts gefallen ğŸ’š"
7472018926864518422,1739727781,7472073771219485462,14,7472018926864518422,0,Richtig !!!
7472018926864518422,1739733586,7472098708068320022,13,7472018926864518422,0,ğŸ’šrichtig so!
7472018926864518422,1739727901,7472074301521953558,13,7472018926864518422,0,NatÃ¼rlich das ist die richtige Entscheidung
7472018926864518422,1739729448,7472080897632125718,12,7472018926864518422,0,Richt so ğŸ‘ğŸ‘
7472018926864518422,1739727776,7472073742980989718,12,7472018926864518422,0,"â•”â•â•â•â•à¼ºâ€à¼»â¤ï¸à¼ºâ€à¼»â•â•â•â•â•—
*ğŸš©ğŸŒ¾â¤ï¸ğŸ©·âœ²Linke2025âœ²ğŸ©·â¤ï¸ğŸŒ¾ğŸš©*
â•šâ•â•â•â•à¼ºâ€à¼»â¤ï¸à¼ºâ€à¼»â•â•â•â•â•"
7472018926864518422,1739724068,7472057856163185430,12,7472018926864518422,0,Danke Max ğŸ’š
7472018926864518422,1739716190,7472023995421311766,12,7472018926864518422,0,wie kann so eine undemokratische Partei noch gewÃ¤hlt werden? Gewalt oder Androhung von Gewalt hat weder in der Politik noch sonst irgendwo etwas zu suchen
7472018926864518422,1739744688,7472146334318953238,11,7472018926864518422,1,Deswegen ğŸ’™
7472018926864518422,1739733291,7472097418049176342,11,7472018926864518422,0,hast du gut gemacht
7472018926864518422,1739731615,7472090278959203094,11,7472018926864518422,3,"ich staune immer wieder, wie schnell die Menschen andere Menschen anzeigen...
warum hat der Mann so reagiert ğŸ¤”ğŸ¤”ğŸ¤”"
7472018926864518422,1739735105,7472105201371398934,10,7472018926864518422,0,Gute EntscheidungğŸ‘
7472018926864518422,1739742511,7472137004393071362,9,7472018926864518422,0,Sehr gut. ğŸ‘ ğŸ’šğŸ’šğŸ’š
7472018926864518422,1739722544,7472051259102528278,9,7472018926864518422,0,Gut!! Danke!! ğŸ‘ğŸ»ğŸ‘ğŸ»ğŸ‘ğŸ»
7472018926864518422,1739730171,7472084016231219990,8,7472018926864518422,0,"GUT GEMACHT,SUPER!!!!ğŸ¥°"
7472018926864518422,1739729626,7472081680423207702,8,7472018926864518422,0,Ah was haste gemacht?
7472018926864518422,1741587663,7480061914300891926,7,7472018926864518422,0,"gute Entscheidung.
Es muss alles aufgezeigt werden,damit man einmal sieht was das fÃ¼r Menschen sind."
7472018926864518422,1739743000,7472139169679262486,6,7472018926864518422,0,ğŸ’¯ Prozent ğŸ’™ğŸ‘
7472018926864518422,1739734642,7472103310237909782,6,7472018926864518422,2,"Du bist so mutig...Klasse....bitte kÃ¤mpfen weiter. bitte sorge dafÃ¼r, dass Fleisch und die Heizung abgeschafft wird. alles gegen Rechts"
7472018926864518422,1739732814,7472095374305739542,6,7472018926864518422,0,ğŸ‘ğŸ‘ğŸ‘ğŸ‘ğŸ‘ğŸ‘ğŸ‘ğŸ‘OMAS GEGEN RECHTS
7472018926864518422,1739730727,7472086413284164374,5,7472018926864518422,0,Man sollte immer beide Seiten hÃ¶ren!
7472018926864518422,1739729929,7472083030535242518,5,7472018926864518422,0,herzlichen GlÃ¼ckwunsch ğŸ’™ğŸ’™ğŸ’™
7472018926864518422,1739723828,7472056779855135510,5,7472018926864518422,0,Was genau ist passiert? Die Story ist an mir vorbei gegangen.
7472018926864518422,1739824471,7472489094146196226,4,7472018926864518422,0,Gut so ğŸ‘ğŸ‘ğŸ‘ğŸ‘ğŸ‘ğŸ‘. ğŸ¥°ğŸ’šğŸ’šğŸ¥°.
7472018926864518422,1739811480,7472433256253293334,4,7472018926864518422,0,Respekt
7472018926864518422,1739794373,7472359762995512086,4,7472018926864518422,0,Deswegen ğŸ’™ğŸ’™ğŸ’™
7472018926864518422,1739775851,7472280125296706306,4,7472018926864518422,0,Genau deshalb wÃ¤hle ichğŸ’™
7472018926864518422,1739745452,7472149566861050646,4,7472018926864518422,0,danke fÃ¼r dieses Statement! â¤ï¸
7472018926864518422,1739742750,7472138066934235926,4,7472018926864518422,15,Was hast du denn gesagt? Wie hast du ihn denn provoziert?
7472018926864518422,1739734151,7472101167875916566,4,7472018926864518422,0,"Vor allem interessieren die Leute ein sicheres Leben ohne noch ein MÃ¼nchen, Solingen, Magdeburg etc.
Rot grÃ¼n hat in Sicherheit und Wirtschaft versagt ğŸ˜¡"
7472018926864518422,1739730177,7472084086233269014,4,7472018926864518422,0,Kannst stolz sein auf dich.
7472018926864518422,1739732046,7472092131902194454,3,7472018926864518422,0,Kann man das irgendwo ZusammenhÃ¤ngend sehen? Und vorallem hÃ¤tte ich gern auch die Sicht des anderen.
7472018926864518422,1739731808,7472091100996649750,3,7472018926864518422,0,Gute Besserung !
7472018926864518422,1739731752,7472090823825490710,3,7472018926864518422,0,"jemand der einen Stein schmeiÃŸt, gibt doch nicht zu das er schmeiÃŸt ğŸ’™ğŸ’™ğŸ’™"
7472018926864518422,1739727767,7472073673035596566,3,7472018926864518422,0,"Ich denke, Dir ist was ich jetzt sage egal aber ich denke das Du ein Held bist. Du gibt mir Mut. Vom Herzen Danke und alles alles gute fÃ¼r Dich und Dein Team. ğŸŒ¹"
7472018926864518422,1739726280,7472067302298534678,3,7472018926864518422,0,Danke ğŸ™
7472018926864518422,1739718067,7472032065656374038,3,7472018926864518422,0,fy und fÃ¼r den Algorithmus n bissel zusÃ¤tzlichen Support â¤ï¸
7472018926864518422,1739716413,7472024977370415894,3,7472018926864518422,0,"Mehr als valide! Versuch alle zu ignorieren, die was anderes sagen! Vor allem das mit dem dokumentieren fÃ¼r das Verbotsverfahren ist mega wichtig!"
7472018926864518422,1741523908,7479788180566344470,2,7472018926864518422,0,Das war eine gute Entscheidung!
7472018926864518422,1741511476,7479734775579296534,2,7472018926864518422,0,wooow...langsam kriegt die Meute Probleme.suuuuuper â¤ï¸â¤ï¸â¤ï¸â¤ï¸â¤ï¸
7472018926864518422,1740234124,7474248502597010198,2,7472018926864518422,0,ich bin nicht dein lieberğŸ‘€
7472018926864518422,1740039537,7473412491046142753,2,7472018926864518422,0,"Genau, richtig gemachtğŸ’•ğŸ’šğŸ’šğŸ’š"
7472018926864518422,1739919981,7472899107000075030,2,7472018926864518422,0,GrÃ¼ne die Anzeigenpartei. ğŸ˜±ğŸ¥º
7472018926864518422,1739764528,7472230296932778774,2,7472018926864518422,0,oh man das tut weh ğŸ˜³ğŸ˜³ğŸ˜³
7472018926864518422,1739733858,7472099844771152662,2,7472018926864518422,0,"Typisch fÃ¼r diese Fraktion: anzeigen, klagen etc"
7472018926864518422,1739729497,7472081198227915542,2,7472018926864518422,0,"NatÃ¼rlich. Gross im Austeilen, aber wehe Gegenwind, typisch GrÃ¼n."
7472018926864518422,1739728425,7472076513648968470,2,7472018926864518422,0,bravoğŸ‘ğŸ»ğŸ™
7472018926864518422,1739727904,7472074282967810838,2,7472018926864518422,0,Richtig so! ğŸ‘
7472018926864518422,1739724189,7472058294238282518,2,7472018926864518422,0,noch so ein Anzeigenhauptmann wie Robert
7472018926864518422,1739722410,7472050737632314134,2,7472018926864518422,0,ğŸ‘ğŸ‘ğŸ‘ğŸ‘ğŸ‘ğŸ‘ğŸ‘ğŸ‘ğŸ‘
7472018926864518422,1739716294,7472024350608638742,2,7472018926864518422,0,Sehr gut. Ich finds genau richtig
7472018926864518422,1741549974,7479900132953211670,1,7472018926864518422,0,Danke ğŸ’ªğŸ’ªğŸ’ªğŸ‘ğŸ‘ğŸ‘
7472018926864518422,1741509688,7479727098924532502,1,7472018926864518422,0,@Nur noch blauğŸ’™ğŸ’™ğŸ’™
7472018926864518422,1740674962,7476141810562908961,1,7472018926864518422,0,oh man ğŸ™„
7472018926864518422,1740478367,7475297393141531414,1,7472018926864518422,0,Niemals GrÃ¼ne oder etwas das mit der Ampel zutun.
7472018926864518422,1740187760,7474048964133323542,1,7472018926864518422,0,ğŸ’™ grundlos einfach so ???ğŸ’™ğŸ’™
7472018926864518422,1739937230,7472972669773054722,1,7472018926864518422,1,"Tja, ich fÃ¼rchte Bochum wÃ¤hlt blau. Kennen Sie die Ursache ?"
7472018926864518422,1739792745,7472352696252662550,1,7472018926864518422,0,FÃ¼hlst du dich jetzt stark ğŸ˜‚ğŸ˜‚ğŸ˜‚ğŸ˜‚ğŸ˜‚
7472018926864518422,1739787144,7472328677490393878,1,7472018926864518422,0,Ein linker ohne Hirn ğŸ˜‚ğŸ˜‚ğŸ˜‚
7472018926864518422,1739747890,7472160072400274198,1,7472018926864518422,0,"Familie, Freunde, wir alle wÃ¤hlen die AfD. ğŸ’™ğŸ’™"
7472018926864518422,1739746113,7472152394731995926,1,7472018926864518422,0,Anzeigen ist das nicht das Spezialgebiet der GrÃ¼nen aller Habeck und BÃ¤rbock ğŸ¤¦
7472018926864518422,1739743021,7472139262542005014,1,7472018926864518422,0,kriegst noch eine mit ğŸ˜‚
7472018926864518422,1739742641,7472137549584483094,1,7472018926864518422,0,Welches Pronomen nutzt du fÃ¼r heute?
7472018926864518422,1739742209,7472135697958634262,1,7472018926864518422,0,sag es Mutti ğŸ˜­
7472018926864518422,1739739901,7472125849115230998,1,7472018926864518422,0,Ich hÃ¤tte dir nicht gedroht.........ğŸ˜
7472018926864518422,1739739566,7472124372586939158,1,7472018926864518422,0,Aha ğŸ˜‚ğŸ˜‚ğŸ˜‚ğŸ˜‚ Passt zu euch......ğŸ˜­
7472018926864518422,1739739458,7472123973489443606,1,7472018926864518422,0,gute Besserung
7472018926864518422,1739734931,7472104496157131542,1,7472018926864518422,0,Von mir 3 watschen
7472018926864518422,1739734343,7472101942585688854,1,7472018926864518422,0,"1% aller Stimmen, bei allen ZukÃ¼nftigen Wahlen fÃ¼r GrÃ¼n!
Als Dank fÃ¼r Ihre MÃ¼he und Ihre Arbeit uns zu Ruinieren und Kaputt zu machen!
GrÃ¼n will uns EndmÃ¼ndigen und Vernichten"
7472018926864518422,1739733996,7472100503221338902,1,7472018926864518422,0,Auch ein Anzeigenhauptmeister wie Robertchen? Kannst dir von mir auch eine Abholen!
7472018926864518422,1739733158,7472096879750349590,1,7472018926864518422,0,Bist ein Macher!!ğŸ˜‚ğŸ˜‚
7472018926864518422,1739732673,7472094759458505494,1,7472018926864518422,0,Du bist ein wahrer Held!
7472018926864518422,1739731736,7472090814747935510,1,7472018926864518422,0,hast du Robert gefragt wie man das macht ğŸ¤£ğŸ¤£ğŸ¤£ Deutschland hÃ¤lt zusammen. Kampf gegen Linksradikale ğŸ™ğŸ’™
7472018926864518422,1739730473,7472085352569357078,1,7472018926864518422,0,Das ist genau der richtige Weg ğŸ˜
7472018926864518422,1739730331,7472084699248542486,1,7472018926864518422,0,Wer bist du ğŸ¤”ğŸ¤”ğŸ¤”ğŸ¤”
7472018926864518422,1739730257,7472084451955245846,1,7472018926864518422,0,"Setzt ein Zeichen fÃ¼r unsere zukÃ¼nftige Ausrichtung der Demokratie, in der wieder Sicherheit und faires Miteinander herrschen. WÃ¤hlt unbedingt AFDğŸ’™ğŸ’™ğŸ’™"
7472018926864518422,1739729291,7472080305344627478,1,7472018926864518422,0,Bravo ğŸ‘ğŸ»ğŸ‘ğŸ»
7472018926864518422,1739728911,7472078622695310102,1,7472018926864518422,0,oha
7472018926864518422,1739728123,7472075211067556610,1,7472018926864518422,0,ğŸ‘ğŸ‘ğŸ‘ğŸ‘ğŸ‘
7472018926864518422,1739728088,7472075141787255574,1,7472018926864518422,0,Ach du arme Junge ğŸ˜‚ğŸ˜‚ğŸ˜‚
7472018926864518422,1739727923,7472074415015297814,1,7472018926864518422,0,ğŸ’™ğŸ’™ğŸ’™ğŸ’™ğŸ’™ğŸ’™ğŸ’™
7472018926864518422,1739724456,7472059455939003158,1,7472018926864518422,0,"Oh, wollen jetzt die kleinen GrÃ¼nen auch nach Â§188 StGB abkassieren, wie es die Bonzen im BT tunâ“ï¸ğŸ¤£ğŸ¤£ğŸ¤£"
7472018926864518422,1739724399,7472059213941211927,1,7472018926864518422,0,"Och Gott, du Armer ğŸ˜©ğŸ˜©ğŸ˜©ğŸ˜©ğŸ˜©ğŸ˜©ğŸ˜©ğŸ˜©ğŸ˜©ğŸ˜©ğŸ˜©ğŸ˜©ğŸ˜©ğŸ˜©ğŸ˜©ğŸ˜©ğŸ˜©ğŸ˜©"
7472018926864518422,1739723512,7472055404589105942,1,7472018926864518422,0,Sehr gut gemacht. Alles dokumentieren und nicht ignorieren. ğŸ’š
7472018926864518422,1739723402,7472054999762256662,1,7472018926864518422,0,FÃ¼r euch hab ich nur Verachtung
7472018926864518422,1739720277,7472041525037269782,1,7472018926864518422,0,was war los? keine Details? klingt was dÃ¼nn...
7472018926864518422,1739716776,7472026473764782870,1,7472018926864518422,0,Gut gemacht
7472018926864518422,1739716382,7472024828770812694,1,7472018926864518422,1,gibt's das zufÃ¤llig auf Video? Gern hier posten.
7472018926864518422,1747153152,7503965623413244694,0,7472018926864518422,0,Richtig so!!!!!ğŸ‘ğŸ‘ğŸ‘ğŸ‘
7472018926864518422,1745940118,7498755665604854550,0,7472018926864518422,0,vor allem interessieren sie nicht fÃ¼r GrÃ¼n
7472018926864518422,1744110636,7490898082441282326,0,7472018926864518422,0,Hast du gut gemacht ! WÃ¼rde ich an deiner Stelle auch so machen ğŸ‘â¤ï¸
7472018926864518422,1743843108,7489749078726083350,0,7472018926864518422,0,ğŸ˜…ğŸ˜…ğŸ˜…ğŸ˜…ğŸ˜…ğŸ˜…ğŸ˜…ğŸ˜…ğŸ˜…ğŸ˜…ğŸ˜…ğŸ˜…
7472018926864518422,1743735066,7489284823199744790,0,7472018926864518422,0,ğŸ˜‚
7472018926864518422,1743677401,7489037378796258071,0,7472018926864518422,0,Heut darf man nicht mehr sagen . Man wird so fort angezeigt. Was sind das fÃ¼r Menschen Aber bei grÃ¼n ist das normal
7472018926864518422,1743496627,7488260904578138902,0,7472018926864518422,0,ğŸ˜ğŸ˜ğŸ˜ğŸ˜ğŸ˜ğŸ˜ğŸ˜ğŸ˜ğŸ˜ğŸ˜ğŸ˜ğŸ˜ğŸ˜ğŸ˜ğŸ˜ğŸ˜ğŸ˜ğŸ˜ğŸ˜ğŸ˜ğŸ˜ğŸ˜ğŸ˜ğŸ˜ğŸ˜
7472018926864518422,1743408381,7487881913769165590,0,7472018926864518422,0,"Richtig so, keine Nachsicht mehr, sie hÃ¤tten auch keine mit uns."
7472018926864518422,1742776719,7485168912548692759,0,7472018926864518422,0,Richtig so ğŸ‘
7472018926864518422,1742360911,7483382894821557014,0,7472018926864518422,0,Aber warum wollte er dir eine Ohrfeige geben
7472018926864518422,1742325341,7483230297121030934,0,7472018926864518422,0,Die Justiz. Ha Ha. Rechts und links ğŸ˜ğŸ’ª
7472018926864518422,1742248718,7482901191959266070,0,7472018926864518422,0,Richtigâ¤
7472018926864518422,1742233973,7482837875567837974,0,7472018926864518422,0,Und nicht vergessen das kiffen schadetğŸ˜‚
7472018926864518422,1742199765,7482690907369489174,0,7472018926864518422,0,ğŸ‘ğŸ‘ğŸ‘ğŸ‘
7472018926864518422,1742180365,7482607148700336918,0,7472018926864518422,0,Welche Linksextreme Partei hast Du denn gewÃ¤hlt ? Vielleicht sollten wir die mal anzeigen.
7472018926864518422,1742123733,7482364398238876438,0,7472018926864518422,0,"Ach gottchen,was macht ihr mit der Afd"
7472018926864518422,1742118185,7482340548231037718,0,7472018926864518422,0,"Die GrÃ¼nen freuen sich Ã¼ber jeden Panzer der vom Band lÃ¤uft, da spielt das Klima keine Rolle"
7472018926864518422,1742022402,7481929146881508118,0,7472018926864518422,0,Sei froh das ich das nicht wahrğŸ˜ğŸ˜ğŸ˜ğŸ˜ğŸ˜
7472018926864518422,1741954780,7481638714243678998,0,7472018926864518422,0,"Na mal langsam Blauzis, AFDler haben 4400 Anzeigen aufgegeben. Ist Rekord!"
7472018926864518422,1741860365,7481233166235026198,0,7472018926864518422,0,ğŸ˜‚ğŸ˜‚ğŸ˜‚
7472018926864518422,1741790540,7480933318160368406,0,7472018926864518422,0,"Wenn man rumheulen will, man nen Rock anziehen!!!ğŸ¤£ğŸ¤£ğŸ¤£ğŸ˜­"
7472018926864518422,1741757853,7480792800684213014,0,7472018926864518422,0,Gut gemacht!
7472018926864518422,1741757813,7480792654973862678,0,7472018926864518422,0,Wer lÃ¼gen und Hetze betreibt steht auch nichts besseres zu ğŸ¤”ğŸ¤”ğŸ¤”
7472018926864518422,1741734191,7480691289655624470,0,7472018926864518422,0,Kannst von mir auch haben
7472018926864518422,1741699239,7480541158011044610,0,7472018926864518422,0,Super von dir ğŸ‘
7472018926864518422,1741697708,7480534611950928642,0,7472018926864518422,0,Mimimi ğŸ¤·
7472018926864518422,1741631284,7480249375709545238,0,7472018926864518422,0,Bravo Klasse weiter so ğŸ’šğŸ’šğŸ’š
7472018926864518422,1741624420,7480219884786402070,0,7472018926864518422,0,"Direkt Anzeigen, hab schon viele AFDler angezeigt. Anders merken die es nicht."
7472018926864518422,1741560888,7479946993545118486,0,7472018926864518422,0,Finde ich vollkommen richtig. Da die AfD endlich merken muss.Das sie mit ihren Beleidigung nicht weiter kommt
7472018926864518422,1741551470,7479906575247885078,0,7472018926864518422,0,ğŸ‘â¤ï¸
7472018926864518422,1741548491,7479893780288668438,0,7472018926864518422,0,ğŸ˜‚ğŸ˜‚ğŸ˜‚ğŸ˜‚ğŸ˜‚ğŸ˜‚
7472018926864518422,1741477275,7479587866730201878,0,7472018926864518422,0,woh ist das video davon das man sich selbst ein bild davon machen kann
7472018926864518422,1741429975,7479384742950142742,0,7472018926864518422,0,ğŸ„ğŸ„ğŸ„
7472018926864518422,1741355251,7479063809152385814,0,7472018926864518422,0,Willst von mir auch noch eine ...ğŸ˜‚ğŸ˜‚ğŸ˜‚ğŸ˜‚ğŸ˜‚
7472018926864518422,1741346423,7479025818634027799,0,7472018926864518422,0,Er hatte sicher rechtğŸ˜…ğŸ˜…ğŸ˜…
7472018926864518422,1741345820,7479023222924804886,0,7472018926864518422,0,ğŸ‘ğŸ‘ğŸ‘ğŸ‘
7472018926864518422,1741338306,7478990941329523478,0,7472018926864518422,0,natÃ¼rlich
7472018926864518422,1741336971,7478985214737023766,0,7472018926864518422,0,"Wenn ich einige BeitrÃ¤ge lese, Adler finden Gewalt gut, erst im kleinen dann im groÃŸen"
7472018926864518422,1741110149,7478011068173009686,0,7472018926864518422,0,Mi mimimimi
7472018926864518422,1741007510,7477570248469152534,0,7472018926864518422,0,ğŸ˜‚
7472018926864518422,1740973583,7477424113168122646,0,7472018926864518422,0,Ich bin dabei ğŸ’™ğŸ’™
7472018926864518422,1740926655,7477222990519124758,0,7472018926864518422,0,Oh wie blÃ¶deâ€¦..gibt ne Meldestelle jetzt ğŸ™„
7472018926864518422,1740912175,7477160796414870294,0,7472018926864518422,0,oooch Mensch traurig...ğŸ˜…
7472018926864518422,1740905198,7477130806222930710,0,7472018926864518422,0,wow bist du mutig
7472018926864518422,1740902767,7477120344186127126,0,7472018926864518422,0,Wenn Argumente ausgehen !!!!!
7472018926864518422,1740901476,7477114820782031638,0,7472018926864518422,0,JETZT ERST RECHTS ğŸ’™ğŸ’™ğŸ’™ğŸ’™ğŸ’™ğŸ’™ğŸ’™ğŸ’™ğŸ’™ğŸ’™
7472018926864518422,1740848980,7476889371549106967,0,7472018926864518422,0,ğŸ¤£ğŸ¤£ğŸ¤£ğŸ¤£ğŸ¤£
7472018926864518422,1740791191,7476641067782423318,0,7472018926864518422,0,AFD Leute sind nicht bereit zu diskutieren. Nur ein Verbot wÃ¼rde noch helfen.
7472018926864518422,1740729530,7476376313709888279,0,7472018926864518422,0,DDR System im vollen GangeğŸ¤¦ğŸ½â€â™‚ï¸ğŸ¤¦ğŸ½â€â™‚ï¸ğŸ¤¦ğŸ½â€â™‚ï¸
7472018926864518422,1740617075,7475892950271378198,0,7472018926864518422,0,Richtig soğŸ‘â¤ï¸ğŸ‘â¤ï¸
7472018926864518422,1740534476,7475537687345955606,0,7472018926864518422,0,aha
7472018926864518422,1740343314,7474717470311072534,0,7472018926864518422,0,ğŸ™ğŸ™ğŸ¤²ğŸ¤²ğŸŒ¹ğŸŒ¹
7472018926864518422,1740337242,7474691445744468758,0,7472018926864518422,0,We demand the banning of the Quran because it incites the killing of non-Muslims. The Muslim Quran must be exposed before Europe is destroyed and the Quran is banned.
7472018926864518422,1740337238,7474691367673004822,0,7472018926864518422,0,We demand the banning of the Quran because it incites the killing of non-Muslims. The Muslim Quran must be exposed before Europe is destroyed and the Quran is banned.
7472018926864518422,1740337233,7474691367488013078,0,7472018926864518422,0,We demand the banning of the Quran because it incites the killing of non-Muslims. The Muslim Quran must be exposed before Europe is destroyed and the Quran is banned.
7472018926864518422,1740268484,7474396001429160726,0,7472018926864518422,0,Gut fÃ¼r dich!
7472018926864518422,1740267055,7474389784884249366,0,7472018926864518422,0,Ein wahrer Demokrat ğŸ¤£ğŸ¤£ğŸ¤£
7472018926864518422,1740221075,7474192374710895382,0,7472018926864518422,0,Mimimi...
7472018926864518422,1740016633,7473313837694190358,0,7472018926864518422,0,Gestern ist in China ein Sack Reis umgefallen ğŸ˜‰
7472018926864518422,1739992363,7473210143670027030,0,7472018926864518422,0,mimimi
7472018926864518422,1739985871,7473182232414569238,0,7472018926864518422,0,"ğŸ©· <- RÃ¼ck das Dings mehr nach links <- ğŸ©·
ğŸ©· <--- und mit einem Mal da gings! <--- ğŸ©·
ğŸ©· <-- Am 23.02. DIE LINKE wÃ¤hlen! <--- ğŸ©·"
7472018926864518422,1739911178,7472861478610830102,0,7472018926864518422,0,verdient ist verdient ğŸ’™ğŸ’™ğŸ’™ğŸ’™
7472018926864518422,1739894988,7472791936307659542,0,7472018926864518422,0,Du hast die Haare schÃ¶n...
7472018926864518422,1739865846,7472666623976555286,0,7472018926864518422,0,verdient???
7472018926864518422,1739859195,7472638040746525462,0,7472018926864518422,0,Die AFD wird immer stÃ¤rker und ihr kÃ¶nnt es niemals verhindern.
7472018926864518422,1739854068,7472615538347754262,0,7472018926864518422,0,HABECK DER ZWEITE !!!ğŸ˜ğŸ˜ğŸ˜
7472018926864518422,1739843365,7472569703865811735,0,7472018926864518422,0,Ich biste aber Mimose
7472018926864518422,1739842269,7472565064982086422,0,7472018926864518422,0,Gut gemacht.Gruesse aus Irlandâ¤ï¸
7472018926864518422,1739831487,7472519164566373142,0,7472018926864518422,0,bloÃŸ gut das ich blau wÃ¤hle.und nicht das blÃ¶de grÃ¼n
7472018926864518422,1739828800,7472507691391288086,0,7472018926864518422,0,Du HeldğŸ˜
7472018926864518422,1739826333,7472497097636545302,0,7472018926864518422,0,â¤ï¸ğŸ©·ğŸ’š
7472018926864518422,1739824158,7472487682423603990,0,7472018926864518422,0,ğŸ¥°ğŸ¥°ğŸ‘ğŸ‘ğŸ‘
7472018926864518422,1739821721,7472477303805625110,0,7472018926864518422,0,Lolli ğŸ­ ğŸ˜˜ğŸ˜˜
7472018926864518422,1739821688,7472477104031990550,0,7472018926864518422,0,Danke â¤ï¸â¤ï¸ğŸ‘ğŸ‘
7472018926864518422,1739820943,7472473953920353026,0,7472018926864518422,0,"Echt jetzt, fÃ¼r 30 Euro ?"
7472018926864518422,1739817172,7472457669951374102,0,7472018926864518422,0,wennâ€™s notwendig ist ğŸ¤·
7472018926864518422,1739816926,7472456683080762134,0,7472018926864518422,0,die AfD wird nicht Mal vom jÃ¼ngsten Gericht verboten werden
7472018926864518422,1739816918,7472456624848405271,0,7472018926864518422,0,Es hÃ¶rt nicht auf
7472018926864518422,1739816441,7472454568833205014,0,7472018926864518422,0,Und warum hat er ihnen eine Ohr.eige angeboten? Das wÃ¤re mal interessant!
7472018926864518422,1739815889,7472452249428574998,0,7472018926864518422,0,ğŸ˜ğŸ˜ğŸ˜ğŸ˜ğŸ˜ğŸ˜ğŸ˜ğŸ˜ğŸ˜
7472018926864518422,1739814729,7472447220613923606,0,7472018926864518422,0,mimimi......
7472018926864518422,1739812952,7472439608132059926,0,7472018926864518422,0,ğŸ’™
7472018926864518422,1739812906,7472439431631307542,0,7472018926864518422,0,"SpektakulÃ¤r, wie viele Menschen, die sich wahrscheinlich fÃ¼r erwachsen und intelligent halten, Gewalt fÃ¼r ok hÃ¤lt."
7472018926864518422,1739812517,7472437669148443414,0,7472018926864518422,0,ğŸ˜­ ein n ganze Kerl ğŸ‘
7472018926864518422,1739811617,7472433823281447702,0,7472018926864518422,0,Wieviel Geld?
7472018926864518422,1739810419,7472428722227118870,0,7472018926864518422,0,Oh schade. ğŸ˜‚ğŸ¤£
7472018926864518422,1739809698,7472425567666717462,0,7472018926864518422,0,Gut so.mach weiter.
7472018926864518422,1739809444,7472424510760207126,0,7472018926864518422,0,ğŸ˜‚ğŸ˜‚ğŸ˜‚ğŸ˜‚ğŸ˜‚ğŸ˜‚ğŸ˜‚ğŸ˜‚
7472018926864518422,1739809273,7472423734044689175,0,7472018926864518422,0,Was hast du gemacht ? Ehrlich!
7472018926864518422,1739809185,7472423346874909462,0,7472018926864518422,0,Lass dich nicht einschÃ¼chtern. Du hast alles richtig gemacht!
7472018926864518422,1739806654,7472412556569690902,0,7472018926864518422,0,In China ist ein sack mit Reis umgefallenğŸ˜‚ğŸ˜‚ğŸ˜‚ğŸ˜‚ğŸ˜‚
7472018926864518422,1739805541,7472407760966419222,0,7472018926864518422,0,Mimimimi
7472018926864518422,1739804904,7472404933905859350,0,7472018926864518422,0,Und dann wird es wegen UnzulÃ¤nglichkeiten eingestellt.
7472018926864518422,1739804038,7472401263848293122,0,7472018926864518422,0,ğŸ˜‚ğŸ˜‚ğŸ˜‚ğŸ˜‚ğŸ˜‚ğŸ˜‚
7472018926864518422,1739803522,7472399077284905750,0,7472018926864518422,0,Die Androhung einer Ohrfeige fÃ¼hrt zu einer Anzeige ğŸ˜‚ğŸ˜‚ğŸ˜‚ğŸ˜‚ğŸ˜‚ğŸ˜‚
7472018926864518422,1739801103,7472388696734663446,0,7472018926864518422,0,ğŸ˜‚ğŸ˜‚ğŸ˜‚
7472018926864518422,1739799045,7472379835273675542,0,7472018926864518422,0,Der nÃ¤chste Anzeigenhauptmeister der GrÃ¼nen.
7472018926864518422,1739797585,7472373584531571478,0,7472018926864518422,0,"Das sind die grÃ¼n, wissen die nicht weiter rennen sie zur Polizei"
7472018926864518422,1739796658,7472369554112086806,0,7472018926864518422,0,naja schaden kann es nicht wenn er eine bekommt. bei Androhung nur unnÃ¼tze belastung der Gerichte
7472018926864518422,1739796256,7472367822414922518,0,7472018926864518422,0,"Ich hasse Menschen, die den Gutmenschen mimen um sich zu produzieren. Immer schlaue SprÃ¼che im Abgang. Pfui Teufel, Sie widern mich an. ğŸ˜¡"
7472018926864518422,1739795391,7472364119926276886,0,7472018926864518422,0,ğŸ‡©ğŸ‡ªğŸ’™ğŸ‡©ğŸ‡ªğŸ’™ğŸ‡©ğŸ‡ªğŸ’™ğŸ‡©ğŸ‡ªğŸ’™ğŸ‡©ğŸ‡ªğŸ’™ğŸ‡©ğŸ‡ªğŸ’™ğŸ‡©ğŸ‡ªğŸ’™ğŸ‡©ğŸ‡ªğŸ’™
7472018926864518422,1739795228,7472363423251677974,0,7472018926864518422,0,"Nur eine, link's und recht's, aber ganz gewaltigğŸ’¯ğŸ‘"
7472018926864518422,1739794697,7472361165226689302,0,7472018926864518422,0,ğŸ‘ğŸ‘
7472018926864518422,1739794579,7472360587009688342,0,7472018926864518422,0,"Anzeigen,das einzigste was ihr kÃ¶nnt."
7472018926864518422,1739794554,7472360564950467350,0,7472018926864518422,0,"Der neue Anzeigenhauptmeister. Naja passt schon. Ich weiÃŸ schon, warum ich niemals grÃ¼n wÃ¤hle, genau wie mein gesamtes Umfeld. UnertrÃ¤glich ğŸ¤¨ğŸ™„ğŸ˜¡"
7472018926864518422,1739794390,7472359744831013654,0,7472018926864518422,0,Und warum werden dann so viele Steuern erhÃ¶ht.
7472018926864518422,1739794218,7472359109766071062,0,7472018926864518422,0,"Ich wÃ¼rde gern die GrÃ¼nen anzeigen. Weil jeder in Regierungsverantwortung meiner Meinung nach den eid gebrochen hat, weil ihr dem Land Schaden zufÃ¼gt."
7472018926864518422,1739793861,7472357559476110102,0,7472018926864518422,0,ğŸ¤£
7472018926864518422,1739793113,7472354279208108822,0,7472018926864518422,0,Beide Stimmen am 23.02.2025 fÃ¼r die AFD ğŸ¥°ğŸ’™ğŸ¥°ğŸ’™ğŸ¥°ğŸ’™ğŸ¥°ğŸ’™ğŸ¥°ğŸ’™ğŸ¥°ğŸ’™
7472018926864518422,1739791052,7472345503720850198,0,7472018926864518422,0,"da mÃ¼ssten ja in Riesa so viele angezeigt werden, das Justiz Ã¼ber Jahre so zu tun."
7472018926864518422,1739789634,7472339326053040918,0,7472018926864518422,0,Warum nur eine?
7472018926864518422,1739789557,7472339075274670870,0,7472018926864518422,0,Du bist ein echter Mann ğŸ™„ğŸ™„ğŸ™„
7472018926864518422,1739789454,7472338470595756822,0,7472018926864518422,0,ğŸ˜‚ğŸ˜‚
7472018926864518422,1739788486,7472334377031172866,0,7472018926864518422,0,Mimimi
7472018926864518422,1739788412,7472334012050195222,0,7472018926864518422,0,Richtig so. Gerade der afd sollten die Anzeigen ins Haus flattern.... Ohne Ende
7472018926864518422,1739787539,7472330330998735638,0,7472018926864518422,0,mimimimi ğŸ˜˜
7472018926864518422,1739787106,7472328453443650326,0,7472018926864518422,0,AFD
7472018926864518422,1739785635,7472322101939340034,0,7472018926864518422,0,ğŸ¤£ğŸ¤£ğŸ¤£ğŸ¤£ğŸ¤£ğŸ¤£ğŸ¤£ğŸ¤£ğŸ¤£
7472018926864518422,1739785489,7472321424390636310,0,7472018926864518422,0,...macht man so als Habeck JÃ¼nger ğŸ˜‚ğŸ˜‚
7472018926864518422,1739784800,7472318637303431958,0,7472018926864518422,0,Alle zusammen gegen den Rechtsextremismus! ğŸ’ª
7472018926864518422,1739783818,7472314306714911510,0,7472018926864518422,0,Nur ein Einzelfall! Wie die Messerstecher hier in Deutschland!
7472018926864518422,1739783472,7472312835789177622,0,7472018926864518422,0,Deswegen niemals diese LÃ¼gen Partei der AFD ! ! !
7472018926864518422,1739783039,7472310981664047874,0,7472018926864518422,0,Alles richtig gemacht .
7472018926864518422,1739782627,7472309202024547094,0,7472018926864518422,0,ğŸ’šğŸ’š Wahre Demokraten wÃ¼rden niemals AfD oder CDU wÃ¤hlen ğŸ‘ğŸ’šğŸ‘ğŸ’šğŸ‘ğŸ‘ğŸ’šğŸ’šğŸ‘ğŸ‘ğŸ’šğŸ’š
7472018926864518422,1739781224,7472303217540809494,0,7472018926864518422,0,Richtig so. Ganz klar und eindeutig bleiben! ğŸ‘
7472018926864518422,1739780256,7472299065292768022,0,7472018926864518422,0,Von mir auch
7472018926864518422,1739779860,7472297226200941334,0,7472018926864518422,0,Nehmen sie mal ihren Heiligenschein ğŸ˜‡ ab und erklÃ¤ren Sie warum. Vielleicht hÃ¤tte ich auch Lust dazu ğŸ‘‹ gehabt
7472018926864518422,1739777954,7472289049787663127,0,7472018926864518422,0,Wichtigtuer.
7472018926864518422,1739777198,7472285737742238486,0,7472018926864518422,0,Von Habeck gelernt!
7472018926864518422,1739773683,7472270704626303766,0,7472018926864518422,0,MuÃŸ lachen
7472018926864518422,1739773521,7472270059332109078,0,7472018926864518422,0,"nur angedroht, umsetzen..... vielleicht wÃ¤chst du dann aufğŸ™ğŸ™"
7472018926864518422,1739768057,7472246056068842262,0,7472018926864518422,0,sowas zeigt ihr an und MÃ¶rder sind willkommen bei uns
7472018926864518422,1739767478,7472243347165610774,0,7472018926864518422,0,Alles richtig gemacht ğŸ‘ğŸ‘ğŸ‘
7472018926864518422,1739766401,7472238988443976470,0,7472018926864518422,0,deshalb schnell noch eine Demo gegen rÃ¤Ã¤Ã¤chts
7472018926864518422,1739762784,7472222808472765206,0,7472018926864518422,0,Wieviel Gewalt betreibt ihr gegen die Opposition und das nicht mit Androhungen sondern mit Angriffen . Wer von Euch gibt denn die Adressen an die Antifa weiter um Angriffe zu starten?
7472018926864518422,1739756251,7472195360129008406,0,7472018926864518422,0,man ist sie mutig ğŸ˜³da hat es allen mut zusammengenommen
7472018926864518422,1739755955,7472194078957945622,0,7472018926864518422,0,Sehr gut ğŸ‘
7472018926864518422,1739753259,7472182939892286230,0,7472018926864518422,0,mimimimi ğŸ˜
7472018926864518422,1739752532,7472179579635417878,0,7472018926864518422,0,"Bitte spendet und teilt den Aufruf! Democracy rules!
ğŸ–¤â¤ï¸ğŸ’›
https://freiheitsrechte.org/themen/demokratie/afd-gutachten"
7472018926864518422,1739750595,7472171417708364566,0,7472018926864518422,0,ğŸ¤”ğŸ˜‚ğŸ˜‚ğŸ˜‚MimimiğŸ˜‚ğŸ˜‚
7472018926864518422,1739750309,7472170401486226198,0,7472018926864518422,0,Hast sie bestimmt verdient
7472018926864518422,1739749328,7472166039608410902,0,7472018926864518422,0,Mimimi ğŸ˜…
7472018926864518422,1739748777,7472163832662131458,0,7472018926864518422,0,Normal rechtslinks Kombi
7472018926864518422,1739748391,7472162188972180246,0,7472018926864518422,0,"Anzeigen,sind alles was ihr kÃ¶nnt"
7472018926864518422,1739748330,7472161904225911575,0,7472018926864518422,0,Hoffentlich auch mit dem Kontext. Aber vermutlich eher nicht.
7472018926864518422,1739747661,7472159102022877974,0,7472018926864518422,0,Ich hÃ¶re parallel den Mimimi SongğŸ˜‰
7472018926864518422,1739747628,7472158940399698710,0,7472018926864518422,0,Nur AFD
7472018926864518422,1739747496,7472158346377478934,0,7472018926864518422,0,mimimi
7472018926864518422,1739747248,7472157223740244738,0,7472018926864518422,0,"Die solltest wirklich bekommen ,und vieles mehr"
7472018926864518422,1739747012,7472156271560213270,0,7472018926864518422,0,ğŸ’šğŸ’šğŸ’šğŸ‘ğŸ‘ğŸ‘ğŸ’šğŸ’šğŸ’š
7472018926864518422,1739746249,7472153077215429398,0,7472018926864518422,0,Wo kann man diese KomÃ¶die sehen?
7472018926864518422,1739745888,7472151487281021718,0,7472018926864518422,0,Mach es und nun ğŸ˜‚ğŸ˜‚ğŸ˜‚
7472018926864518422,1739745580,7472150181791073046,0,7472018926864518422,0,Leider nur gedroht.
7472018926864518422,1739745465,7472149715343475478,0,7472018926864518422,0,ğŸ‘ğŸ‘ğŸ‘ğŸ‘ğŸ‘ğŸ‘
7472018926864518422,1739744772,7472146715236926230,0,7472018926864518422,0,Wieso hast du eine braune Jacke an.
7472018926864518422,1739744669,7472146302240146198,0,7472018926864518422,0,Zur Meinungsfreiheit gehÃ¶rt der Respekt vor Andersdenkenden.
7472018926864518422,1739744535,7472145713540989698,0,7472018926864518422,0,Ich hÃ¶re hier nur mimimi
7472018926864518422,1739744063,7472143742016488214,0,7472018926864518422,0,HÃ¤tte er doch.
7472018926864518422,1739744063,7472143660194333462,0,7472018926864518422,0,oh...du armer ğŸ¤£ğŸ¤£ğŸ¤£
7472018926864518422,1739743359,7472140624315351830,0,7472018926864518422,0,"heulen und anzeigen kÃ¶nnen sie, arbeiten nicht"
7472018926864518422,1739743324,7472140473144279830,0,7472018926864518422,0,ohhh hatte aua
7472018926864518422,1739743077,7472139517311402774,0,7472018926864518422,0,oh er hat mir mein schÃ¤ufelchen weggenommen. der Anzeigehauptmann.
7472018926864518422,1739743027,7472139274226746134,0,7472018926864518422,0,ErzÃ¤hlst du auch wie es dazu gekommen ist?
7472018926864518422,1739742459,7472136815216231191,0,7472018926864518422,0,"Der Richter schaut kurz drauf und dann ist der Wisch im Reisswolf ğŸ˜
Die haben andere Sorgen
300000 nicht vollstreckte Haftbefehle zum Beispiel"
7472018926864518422,1739742397,7472136499515179798,0,7472018926864518422,0,So machts der habeck auch ğŸ˜‚ğŸ˜‚ğŸ˜‚
7472018926864518422,1739742368,7472136395265671958,0,7472018926864518422,0,wahrscheinlich zurecht .....oder
7472018926864518422,1739741974,7472134725164876566,0,7472018926864518422,0,ğŸ˜‚ğŸ˜‚ğŸ˜‚ğŸ˜‚ğŸ˜‚ğŸ˜‚ğŸ˜‚ğŸ˜‚ğŸ‘ğŸ‘
7472018926864518422,1739741908,7472134499833217814,0,7472018926864518422,0,mimimi
7472018926864518422,1739741857,7472134224456811286,0,7472018926864518422,0,"Unterirdisch, wenn die Parteispitze und Mitglieder kriminell ist, ja was soll man dann von den WÃ¤hlern erwarten, nix"
7472018926864518422,1739741614,7472133219681469206,0,7472018926864518422,0,Gut gemacht. ğŸ’šâ¤ï¸
7472018926864518422,1739741565,7472132963972350742,0,7472018926864518422,0,Was macht ihr nÃ¤chste Woche?ğŸ¤£ğŸ¤£
7472018926864518422,1739741178,7472131330831565590,0,7472018926864518422,0,ğŸ’šğŸ’šğŸ’š
7472018926864518422,1739740961,7472130423246717718,0,7472018926864518422,0,"Ist bei den GrÃ¼nen ja normal, haben ja ein super Vorbild ğŸ’™ğŸ’™ğŸ’™"
7472018926864518422,1739740680,7472129196601869078,0,7472018926864518422,0,"noch so ein Held, gut das die in KÃ¼rze keine Rolle mehr spielen"
7472018926864518422,1739740662,7472129128066843414,0,7472018926864518422,0,Mimimimi
7472018926864518422,1739740494,7472128362872341250,0,7472018926864518422,0,Also ist nix passiert den die Statistik sagt etwas anderes
7472018926864518422,1739740491,7472128397775209238,0,7472018926864518422,0,Lulu
7472018926864518422,1739740305,7472127515140047638,0,7472018926864518422,0,mimimimi
7472018926864518422,1739739828,7472125505640153878,0,7472018926864518422,0,ğŸ¤” Bochum ğŸ¤£ğŸ¤£ğŸ¤£ğŸ¤£ğŸ¤£da ist was los .....der Arme .....ğŸ¤£ğŸ¤£ğŸ¤£ğŸ¤£
7472018926864518422,1739739822,7472125456760013590,0,7472018926864518422,0,ğŸ’—ğŸ’—ğŸ’—ğŸ’—ğŸ’—ğŸ’—
7472018926864518422,1739739817,7472125442454684439,0,7472018926864518422,0,"warum heulen alle in dieser Partei, ah bald Geschichte, jetzt hab ich es ğŸ‘"
7472018926864518422,1739739502,7472124105493381910,0,7472018926864518422,0,"Das ist ja gute Tradition bei den Linken, MitbÃ¼rger anzuzeigen!"
7472018926864518422,1739739442,7472123856754000662,0,7472018926864518422,0,ğŸ¤£ğŸ¤£ğŸ¤£
7472018926864518422,1739739415,7472123738583827222,0,7472018926864518422,0,"Sie mÃ¼ssen biÃŸchen mehr lernen , um die Politik zu verstehen. AFD ğŸ’™ ğŸ’™ ğŸ’™ ğŸ’™ ğŸ’™ ist mein Herz."
7472018926864518422,1739739208,7472122813895312150,0,7472018926864518422,0,ğŸ˜‚ğŸ˜‚ğŸ˜‚
7472018926864518422,1739739128,7472122484005061398,0,7472018926864518422,0,Gerade die GrÃ¼nen haben unser Leben nahezu unbezahlbar gemacht!!!
7472018926864518422,1739739014,7472122058991010562,0,7472018926864518422,0,Mimimimi..
7472018926864518422,1739738901,7472121501313090326,0,7472018926864518422,0,Strammer Max? ğŸ¤£ğŸ¤­
7472018926864518422,1739738413,7472119433944433430,0,7472018926864518422,0,ParteizugehÃ¶rigkeit und das weglassen was du gemacht hast spricht BÃ¤nde !
7472018926864518422,1739738235,7472118657872478998,0,7472018926864518422,0,Wir wÃ¤hlen erst recht die AfD !
7472018926864518422,1739738076,7472118022155584278,0,7472018926864518422,0,"Was war denn der Grund, wieso er diesem SchnÃ¶sel eine Ohrfeige geben wollte?"
7472018926864518422,1739737981,7472117131242832673,0,7472018926864518422,0,mimimimi
7472018926864518422,1739737905,7472117295385690902,0,7472018926864518422,0,ğŸ¤£ğŸ¤£ğŸ¤£ğŸ¤£ğŸ¤£ğŸ¤£ğŸ¤£ğŸ¤£ğŸ¤£
7472018926864518422,1739737877,7472117171104301846,0,7472018926864518422,0,heule ins Kissen ğŸ˜‚ğŸ˜‚
7472018926864518422,1739737710,7472116382148625174,0,7472018926864518422,0,Warum hat er es nicht durch gezogen
7472018926864518422,1739737660,7472116183841735446,0,7472018926864518422,0,eher unwichtig
7472018926864518422,1739737485,7472115479524950806,0,7472018926864518422,0,ğŸ˜‚ğŸ˜‚ğŸ˜‚
7472018926864518422,1739737336,7472114802229265174,0,7472018926864518422,0,Dein gutes Recht jeden und alles anzuzeigen.
7472018926864518422,1739737275,7472114580794688278,0,7472018926864518422,0,Ich Ã¼bersetze mal fÃ¼r alle: mimimi mi mi Mimi mimimi
7472018926864518422,1739737064,7472113667162030870,0,7472018926864518422,0,ğŸ¤”
7472018926864518422,1739736977,7472113279939937046,0,7472018926864518422,0,Buuuuuuuuuuuuuuh
7472018926864518422,1739736972,7472113234603983638,0,7472018926864518422,0,Mimimi ğŸ˜…
7472018926864518422,1739736972,7472113243474969366,0,7472018926864518422,0,"Das paÃŸt zu den GrÃ¼nen, Anzeigen"
7472018926864518422,1739736887,7472112928062538518,0,7472018926864518422,0,Du verdienst noch ein paar oben drauf
7472018926864518422,1739736630,7472111797631714071,0,7472018926864518422,0,Das sind wir ja von den GrÃ¼nen gewohnt der Habeck macht ja vor du kommst noch weit du musst nur noch mehr Anzeigen machen
7472018926864518422,1739736620,7472111707152171798,0,7472018926864518422,0,Eine ist viel zu wenig
7472018926864518422,1739736591,7472111587773596438,0,7472018926864518422,0,dann hast du sie auch verdient ğŸ’™ğŸ’™ğŸ’™ğŸ’™ğŸ’™
7472018926864518422,1739736510,7472111254867231510,0,7472018926864518422,0,"Habeck ist doch da ihr Vorbild Ãœber 800 Anzeigen -ğŸ¤® gab es nicht nur in der Geschichte von Deutschland!!!!
3Jahre Habeck - Wirtschaft ZerstÃ¶rt ğŸ¤® Kriegstreiber ğŸ¤® Verbotspartei ğŸ¤® VaterlandsverrÃ¤ter"
7472018926864518422,1739736359,7472110614908650262,0,7472018926864518422,0,ğŸ˜‚ğŸ˜‚ğŸ˜‚ğŸ˜‚ğŸ˜‚
7472018926864518422,1739736343,7472110564190814998,0,7472018926864518422,0,du weichei geh heulen du Heuchler
7472018926864518422,1739736308,7472110426080477974,0,7472018926864518422,0,Bist ja ein richtiger Held ğŸ˜‚ğŸ˜‚ğŸ˜‚ğŸ˜‚
7472018926864518422,1739736277,7472110246485426966,0,7472018926864518422,0,Warum hat er das nicht gemacht
7472018926864518422,1739736274,7472110277837652759,0,7472018926864518422,0,Von mir nicht ich wÃ¤hle die AFD ğŸ’™ğŸ’™ğŸ’™ğŸ’™
7472018926864518422,1739736209,7472110016175342358,0,7472018926864518422,0,"Mimimi, ğŸ˜‚"
7472018926864518422,1739736196,7472109905633428246,0,7472018926864518422,0,"Zum GlÃ¼ck gibt's in Bochum noch ein paar anders denkende Menschen, sonst wÃ¤re das so ein Sh.. hole wie der Bundesslum Berlin."
7472018926864518422,1739735950,7472108870635979542,0,7472018926864518422,0,"Verstehe ich nicht, bis jetzt hat mir niemand bewiesen, dass die AfD rechtsextrem ist. Ich bin auch der Meinung, dass GÃ¤ste die sich strafbar machen gehen mÃ¼ssen. Deshalb bin ich aber nicht rechtsextr"
7472018926864518422,1739735826,7472108355898098454,0,7472018926864518422,0,mimimimimimimi Mama
7472018926864518422,1739735758,7472108015711683350,0,7472018926864518422,0,Keiner lÃ¤sst sich gern beleidigen oder beschimpfen und lÃ¼gen verbreiten
7472018926864518422,1739735735,7472107927098327830,0,7472018926864518422,0,oh Gott!! Die hellste Kerze Deutschlands!!
7472018926864518422,1739735615,7472107456798622486,0,7472018926864518422,0,ğŸ˜‚ğŸ˜…ğŸ‘ğŸ˜‚ğŸ˜‚ğŸ˜…
7472018926864518422,1739735591,7472107378276598550,0,7472018926864518422,0,Wir werden drosdem AFD wÃ¤hlen
7472018926864518422,1739735563,7472107203303899926,0,7472018926864518422,0,Och du armer!ğŸ˜‚ğŸ˜‚ğŸ˜‚
7472018926864518422,1739735519,7472106976652575510,0,7472018926864518422,0,och gÃ¶ttchen....
7472018926864518422,1739735481,7472106826559079190,0,7472018926864518422,0,Bitte wÃ¤hlt die AfD ğŸ’™
7472018926864518422,1739735475,7472106812180939542,0,7472018926864518422,0,"Ich hÃ¤tte nicht gedroht, ich hÃ¤tte es gemacht."
7472018926864518422,1739735427,7472106616307745538,0,7472018926864518422,0,"Du hast ihn angezeigt, gut und schÃ¶n . Das du das nun so Ã¶ffentlich machst ist in meinem Augen ein vorfÃ¼hren. Das gehÃ¶rt sich nicht und gehÃ¶rt auch angezeigt."
7472018926864518422,1739735395,7472106490079019798,0,7472018926864518422,0,ğŸ¤£ğŸ¤£ich hÃ¶re nur mimimi
7472018926864518422,1739735387,7472106409177482007,0,7472018926864518422,0,"Vielleicht war das berechtigt, die Androhung der Ohrfeige"
7472018926864518422,1739735275,7472106010686227223,0,7472018926864518422,0,Oha
7472018926864518422,1739735240,7472105794227471126,0,7472018926864518422,0,Ich finde das richtig stellen sie sich auch gegen die GrÃ¼ne Partei die fÃ¼r Krieg und gegen Wirtschaftswachstum ist
7472018926864518422,1739735117,7472105248880247574,0,7472018926864518422,0,"Hast du Video, was die Vorgeschichte zeigt, wÃ¤hre nÃ¼tzlich, er hat es angedroht warum hast du ihn provoziert, wird eh eingestellt , tat nicht vollendet"
7472018926864518422,1739734701,7472103515772027670,0,7472018926864518422,0,guter junge....
7472018926864518422,1739734631,7472103209882682135,0,7472018926864518422,0,Chantal ğŸ˜‚ğŸ˜‚ğŸ˜‚ğŸ˜‚
7472018926864518422,1739734549,7472102862538703638,0,7472018926864518422,0,Als wÃ¼rde unsre Justiz was dagegen machen der Von der AFD Bekommt doch Recht das unsere Justiz seit Jahren Zu lasch ist
7472018926864518422,1739734410,7472102212283958038,0,7472018926864518422,0,ğŸ¤£ğŸ¤£ğŸ¤£ğŸ¤£ğŸ¤£ğŸ¤£ğŸ¤£ğŸ¤£ğŸ¤£ğŸ¤£
7472018926864518422,1739734294,7472101776633201430,0,7472018926864518422,0,du Held ğŸ¤£
7472018926864518422,1739734285,7472101725274030870,0,7472018926864518422,0,wirst du wahrscheinlich provoziert haben.
7472018926864518422,1739734265,7472101674350347030,0,7472018926864518422,0,vielleicht verdient
7472018926864518422,1739734208,7472101376132154134,0,7472018926864518422,0,Hast er fein gemachtğŸ‘. sitz
7472018926864518422,1739734155,7472101194681467670,0,7472018926864518422,0,Mit diesem Beitrag entlarven sich die wahren Hetzer selbst.
7472018926864518422,1739734129,7472101083695907606,0,7472018926864518422,0,"Richtig, Gewaltandrohung ist rechtlich verboten! FÃ¼r Anstand gegen Gewalt!!"
7472018926864518422,1739734078,7472100831413306134,0,7472018926864518422,0,ğŸ˜‚ğŸ˜‚ğŸ˜‚ğŸ˜‚ğŸ˜‚ğŸ˜‚
7472018926864518422,1739734070,7472100770940568342,0,7472018926864518422,0,"was hast du dazu beigetragen, niemand droht dir ohne Grund"
7472018926864518422,1739734040,7472100707773170454,0,7472018926864518422,0,Mimimimimiâ€¦
7472018926864518422,1739733807,7472099669532574486,0,7472018926864518422,0,Hat dich Mami getrÃ¶stet.ğŸ˜
7472018926864518422,1739733781,7472099524477289238,0,7472018926864518422,0,ğŸ‘
7472018926864518422,1739733685,7472099173962334998,0,7472018926864518422,0,ğŸ™ˆ
7472018926864518422,1739733608,7472098776800576278,0,7472018926864518422,0,Alles richtig gemacht! â¤ï¸ğŸ–¤
7472018926864518422,1739733569,7472098642863358742,0,7472018926864518422,0,Nur angedroht?
7472018926864518422,1739733536,7472098490081903382,0,7472018926864518422,0,ğŸ˜‚ğŸ˜‚ğŸ˜‚ğŸ˜‚
7472018926864518422,1739733533,7472098468284121878,0,7472018926864518422,0,Du bist ein HeldğŸ˜‚ğŸ˜‚ğŸ˜‚. Kannst auch noch was anderes wie denunzieren?
7472018926864518422,1739733459,7472098127669314326,0,7472018926864518422,0,"die frage wÃ¤re, warum ihnen die ohrfeige verbal angedroht wurde. das erwÃ¤hnen sie komischerweise nicht."
7472018926864518422,1739733447,7472098160635216662,0,7472018926864518422,0,mimiğŸ˜‚ğŸ˜‚ğŸ˜‚ğŸ˜‚ğŸ˜‚
7472018926864518422,1739733343,7472097718732456726,0,7472018926864518422,0,"Der Mann hat bestimmt nicht ohne Grund ne Ohrfeige angedroht!? Hier Anzeige, aber erklÃ¤rt Merz schon vorab Wahlbetrug, passiert nichts?"
7472018926864518422,1739733273,7472097408403653398,0,7472018926864518422,0,ErzÃ¤hlen kann man viel.ğŸ˜¡
7472018926864518422,1739733245,7472097249519829782,0,7472018926864518422,0,"Das ist ihre Darstellung ob es stimmt glaube ich nicht.
Ihr GrÃ¼nen kÃ¶nnte nur Anzeigen und Hetzen. Bla Bla Bla der groÃŸe Held."
7472018926864518422,1739733219,7472097139863896854,0,7472018926864518422,0,Anzeige : muss was ğŸ„ sein. Stasi 2.0 auf dem Weg zur DDR 2.0
7472018926864518422,1739733211,7472097088697664278,0,7472018926864518422,0,ğŸ˜‚ğŸ˜‚ğŸ˜‚ğŸ˜‚
7472018926864518422,1739733187,7472096991469536022,0,7472018926864518422,0,Ich habe gestern einen GrÃ¼nen angezeigt. Wegen Gewaltandrohung.
7472018926864518422,1739733186,7472097037660586774,0,7472018926864518422,0,miiimimi miiimmmi miiiimmğŸ˜
7472018926864518422,1739733172,7472096914516935446,0,7472018926864518422,0,"Ja diese Regierung und ihre WÃ¤hler mÃ¶chten doch so gern noch mehr Menschen sterben sehen. Was zum GlÃ¼ck die AFD nicht mÃ¶chte das Kinder sich nicht mehr auf die StraÃŸen getrage, Rentner Flaschen sammel"
7472018926864518422,1739733092,7472096555233084182,0,7472018926864518422,0,popperlokeâ£ï¸
7472018926864518422,1739733072,7472096515466117910,0,7472018926864518422,0,"Schon mal darÃ¼ber nachgedacht, was der Grund war! Aber vielleicht ist Dir eine kleine Messerstecherei gegen Dich lieber? Von einer neuen Fachkraft natÃ¼rlich ğŸ¤ªğŸ˜¡ğŸ˜¡ğŸ˜¡"
7472018926864518422,1739733045,7472096416636175126,0,7472018926864518422,0,"Kannst stolz auf dich sein, bitte Frau Lehrer ich weiÃŸ was, mimimim"
7472018926864518422,1739732938,7472095975675347734,0,7472018926864518422,0,Was habt ihr gemacht Risa und so austeilen kÃ¶nnt ihr aber einstecken
7472018926864518422,1739732860,7472095638113977110,0,7472018926864518422,0,mimimimi
7472018926864518422,1739732824,7472095441351181078,0,7472018926864518422,0,Aber umgekehrt Morddrohungen sind in Ordnung bzw Autos abfackeln. Ist bei uns passiert. Die Anzeige mÃ¼sste anders auch raus gehen.
7472018926864518422,1739732810,7472095397319131926,0,7472018926864518422,0,Vielleicht verdient!?ğŸ˜
7472018926864518422,1739732718,7472095029809578774,0,7472018926864518422,0,eine bloÃŸ...
7472018926864518422,1739732718,7472094990467760918,0,7472018926864518422,0,"und noch so ein BlÃ¼mchen gesperrt, ich kann dieses liksgrÃ¼ne getucke nicht mehr sehen"
7472018926864518422,1739732679,7472094847277990679,0,7472018926864518422,0,Bist du Robert ğŸ˜‚ğŸ˜‚
7472018926864518422,1739732646,7472094686409933590,0,7472018926864518422,0,Mimimimimimi
7472018926864518422,1739732606,7472094536799437590,0,7472018926864518422,0,Eine Ohrfeige ist natÃ¼rlich ein Grund fÃ¼r ein Parteienverbot
7472018926864518422,1739732527,7472094132074660630,0,7472018926864518422,0,ğŸ‘ğŸ»ğŸ‘ğŸ»ğŸ‘ğŸ»
7472018926864518422,1739732512,7472094128944644886,0,7472018926864518422,0,Na um sonst wird keine watschn angedroht ...mimimi...ğŸ˜‚ğŸ˜‚ğŸ˜‚
7472018926864518422,1739732374,7472093475649340182,0,7472018926864518422,0,ich hÃ¤tte ja den original Wortlaut gerne gehÃ¶rt.... sich aus missverstandenen SÃ¤tzen heraus in die Opferperspektive zu begeben ist ja ein hÃ¤ufig anzutreffendes PhÃ¤nomen...
7472018926864518422,1739732369,7472093473417757462,0,7472018926864518422,0,ğŸ‘â™¥ï¸â™¥ï¸â™¥ï¸
7472018926864518422,1739732287,7472093133511983895,0,7472018926864518422,0,ğŸ¤£ Hast ihn wahrscheinlich unaufhÃ¶rlich gereiztğŸ˜‚
7472018926864518422,1739732285,7472093103153021718,0,7472018926864518422,0,â€¦ in die HÃ¤nde der Justiz â€¦ die freuen sich drauf â€¦ sie haben nichts wichtiger zu tun
7472018926864518422,1739732268,7472093092250764054,0,7472018926864518422,0,Ach was bist du fÃ¼r ein stolzer Mann ğŸ˜
7472018926864518422,1739732259,7472093058331607830,0,7472018926864518422,0,Mann du bist ja ein richtiger heldğŸ¤£ğŸ¤£
7472018926864518422,1739732223,7472092921941017366,0,7472018926864518422,0,ğŸ˜‚ğŸ˜‚ğŸ˜‚
7472018926864518422,1739732208,7472092847861138198,0,7472018926864518422,0,Ich kann Satire nicht mehr von Ernst unterscheiden
7472018926864518422,1739732192,7472092755226231574,0,7472018926864518422,0,will er Anzeige Hauptmeister werden ğŸ˜‚ğŸ˜‚ğŸ˜‚ğŸ˜‚ schafft er aber nicht ist schon sein Chef ğŸ˜‚ğŸ˜‚ğŸ˜‚
7472018926864518422,1739732153,7472092584597652246,0,7472018926864518422,0,"Die Androhung einer Ohrfeige ist wesentlicher Bestandteil fÃ¼r ein AFD-Verbotsverfahren. Etwas anekdotenhaft, gell?"
7472018926864518422,1739732057,7472092145072734998,0,7472018926864518422,0,Ich hÃ¤tte garniğŸ˜œcht erst gedroht
7472018926864518422,1739731948,7472091708810281750,0,7472018926864518422,0,ğŸ¤£ğŸ¤£ geschied dir gut
7472018926864518422,1739731907,7472091476568441622,0,7472018926864518422,0,mimimiğŸ¤£
7472018926864518422,1739731837,7472091245256459030,0,7472018926864518422,0,ğŸ‘ğŸ‘ğŸ‘
7472018926864518422,1739731717,7472090675560907542,0,7472018926864518422,0,mimimiğŸ˜‚
7472018926864518422,1739731673,7472090537575809814,0,7472018926864518422,0,Soll ich Dir ein Nigelkissen nÃ¤hen ğŸ˜‚
7472018926864518422,1739731608,7472090208790577922,0,7472018926864518422,0,Er hat vermutlich recht
7472018926864518422,1739731557,7472090041587041047,0,7472018926864518422,0,Also das gleiche Verhalten was die Antifanten jeden Tag mit normalen Menschen anstellen!
7472018926864518422,1739731536,7472089886209950486,0,7472018926864518422,0,"Angedroht ? Anzeige ?
Ich lade Dich zum Kaffee ein und danach kannste noch eine Anzeige machen! Keine Angst, ich bin schon 58 Jahre und vor Alten Frauen muÃŸt Du keine Angst haben:)ğŸ˜‰"
7472018926864518422,1739731512,7472089857171751682,0,7472018926864518422,0,GrÃ¼n..â€”- Verbote & Anzeigen da sind die Weltmeister
7472018926864518422,1739731487,7472089708388451095,0,7472018926864518422,0,ğŸ¤£ğŸ¤£ğŸ¤£ğŸ¤£ğŸ’™ğŸ’™ğŸ’™
7472018926864518422,1739731374,7472089174344516374,0,7472018926864518422,0,"Genau richtig, die nehmen sich wirklich alles raus,Wenn sie verbal nicht weiterkommen,dann werden sie zu Tieren"
7472018926864518422,1739731244,7472088691142656791,0,7472018926864518422,0,Schade das er es nicht getan hat
7472018926864518422,1739731202,7472088499886703382,0,7472018926864518422,0,Oh Gott Bochum. Gibts da noch Deutsche?ğŸ¤”ğŸ˜³
7472018926864518422,1739731190,7472088455091684118,0,7472018926864518422,0,ğŸ˜‚ğŸ˜‚ğŸ˜‚ğŸ˜‚ğŸ˜‚
7472018926864518422,1739731182,7472088380278342422,0,7472018926864518422,0,Das hat er von Robert Habeck gelernt ğŸ˜…
7472018926864518422,1739731130,7472088147167511318,0,7472018926864518422,0,ğŸ˜…ğŸ˜‚Wenn Sie es brauchen ğŸ˜‚ğŸ˜…
7472018926864518422,1739731082,7472087986138841878,0,7472018926864518422,0,und wieder eine Anzeige die grÃ¼nen machen ihrem Titel als Anzeigen Wachtmeister alle Ehre
7472018926864518422,1739730959,7472087474471420694,0,7472018926864518422,0,Niemals grÃ¼n .......
7472018926864518422,1739730943,7472087355198735126,0,7472018926864518422,0,"Mutti , der andere Junge hat mir die Schippe geklaut ... ! Was fÃ¼r ein Held ..!"
7472018926864518422,1739730845,7472086906249331478,0,7472018926864518422,0,Mimim
7472018926864518422,1739730785,7472086699171906327,0,7472018926864518422,0,da hat sich einer von seinen Vorbildern abgeschaut ğŸ˜
7472018926864518422,1739730650,7472086063999435542,0,7472018926864518422,0,ğŸ˜­ğŸ˜­ğŸ˜­ğŸ˜­ğŸ˜­weiter
7472018926864518422,1739730630,7472086022856819478,0,7472018926864518422,0,Weiter kÃ¤mpfen du meinst weinen und anzeigen.
7472018926864518422,1739730394,7472084990513070870,0,7472018926864518422,0,Schade das er es nicht getan hat
7472018926864518422,1739730246,7472084396280513302,0,7472018926864518422,0,Mir kommen die TrÃ¤nenâ€¦. Ein Zweiter HabeckğŸ¤
7472018926864518422,1739730110,7472083765608907542,0,7472018926864518422,0,kannst bon mir auch eine haben
7472018926864518422,1739730015,7472083387726627606,0,7472018926864518422,0,"Zensur, Meldestellen, Man muss aufpassen was man sagt, Fragen sind vorgefertigt, Meinungen werden unterdrÃ¼ckt... haben wir jetzt schon, was kommt von euch als nÃ¤chstes?"
7472018926864518422,1739729948,7472083096587469590,0,7472018926864518422,0,wird dein Beitrag von tiktoc gedeckt ist halt ein grÃ¼nes Gedankengut
7472018926864518422,1739729921,7472082969873646358,0,7472018926864518422,0,deine nasalsprache kann ich heilen. wir sind verlorn
7472018926864518422,1739729884,7472082853883413270,0,7472018926864518422,0,"Ach nee, das wird sowieso eingestellt"
7472018926864518422,1739729829,7472082592520094486,0,7472018926864518422,0,Schade das er es nur angedroht hat
7472018926864518422,1739729622,7472081659405763350,0,7472018926864518422,0,mimimimi
7472018926864518422,1739729547,7472081369415877378,0,7472018926864518422,0,ğŸ˜‚ğŸ˜‚ğŸ˜‚ğŸ˜‚ğŸ˜‚
7472018926864518422,1739729432,7472080876966036246,0,7472018926864518422,0,Mimimi
7472018926864518422,1739729403,7472080773546902295,0,7472018926864518422,0,GrÃ¼n halt
7472018926864518422,1739729247,7472080042925146902,0,7472018926864518422,0,mÃ¶chte er nun die Mimi Karte haben. Er mÃ¶chte sich nicht Ã¤uÃŸern und Labert weiter
7472018926864518422,1739729111,7472079542694183702,0,7472018926864518422,0,mimimi
7472018926864518422,1739729027,7472079153048093442,0,7472018926864518422,0,"Verbrecher wÃ¤hlt man nicht, man verhaftet sie ğŸ‘ˆğŸ‘ˆ , kannst kÃ¤mpfen wie Du willst, Eure Zeit ist vorbei ğŸ‘ˆğŸ‘ˆğŸ‘ˆğŸ‘ğŸ‘ğŸ‘"
7472018926864518422,1739728958,7472078833606034198,0,7472018926864518422,0,"ğŸ€ğŸ‘âœŒï¸ğŸ˜‚ğŸ’–ğŸ’š Super so mussen alle in Deutschland machen den entfÃ£kt bedrohen die alle Menschen,denen ihren Meinung ist ist Morddrohung und Erpressung !!!"
7472018926864518422,1739728838,7472078357098939158,0,7472018926864518422,0,Ja habeck
7472018926864518422,1739728826,7472078220173001494,0,7472018926864518422,0,Beweise?
7472018926864518422,1739728731,7472077840596337430,0,7472018926864518422,0,na sooo liabğŸ¤£ğŸ¤£ğŸ¤£
7472018926864518422,1739728660,7472077515144069910,0,7472018926864518422,0,ğŸ’š Die grÃ¼nen Herzen stehen fÃ¼r den Untergang einer Industrie Nation ğŸŒ»ğŸ’š
7472018926864518422,1739728594,7472077279154668310,0,7472018926864518422,0,ğŸ’š GrÃ¼ne Wohlstands Vernichter ğŸŒ»ğŸ’š
7472018926864518422,1739728453,7472076657198301974,0,7472018926864518422,0,ğŸ‘
7472018926864518422,1739728423,7472076573651469078,0,7472018926864518422,0,grÃ¼ne mit System
7472018926864518422,1739728398,7472076462506672918,0,7472018926864518422,0,"Ich kann das schon nicht mehr hÃ¶ren mit diesen ewigen gegenseitigen Anzeigen.
Macht doch einfach euren Job so wie Millionen andere Arbeitnehmer auch ğŸ§"
7472018926864518422,1739728346,7472076215182213910,0,7472018926864518422,0,mimimimimimi
7472018926864518422,1739728223,7472075662142161686,0,7472018926864518422,0,"Danke fÃ¼r deinen Mut, diesen wichtigen Schritt zu gehen. :)"
7472018926864518422,1739728132,7472075335845085974,0,7472018926864518422,0,Du wirst die wohl verdient haben
7472018926864518422,1739728017,7472074839407690518,0,7472018926864518422,0,Najaâ€¦ auf die Polizei wÃ¼rde ich mich da nicht verlassen. Zu viele demokratiefeindliche Polizei-Chats etc.
7472018926864518422,1739727825,7472073925134123798,0,7472018926864518422,0,das mit den GrÃ¼nen ist in einer Woche vorbei â˜ºï¸
7472018926864518422,1739727807,7472073935622865686,0,7472018926864518422,0,Ermittelt wurde von Corrctiv???
7472018926864518422,1739727729,7472073535529272086,0,7472018926864518422,0,Alles richtig gemacht. Ehrenmann.
7472018926864518422,1739727688,7472073350540346134,0,7472018926864518422,0,â¤ï¸â¤ï¸â¤ï¸
7472018926864518422,1739727658,7472073284109320982,0,7472018926864518422,0,wahrscheinlich haste die verdient ?
7472018926864518422,1739727657,7472073253109449494,0,7472018926864518422,0,KÃ¤mpfer
7472018926864518422,1739727546,7472072781258654486,0,7472018926864518422,0,"alles hat seinen Grund, da gehÃ¶ren immer zwei dazu"
7472018926864518422,1739727512,7472072655609479958,0,7472018926864518422,0,ğŸ¤¦â€â™‚ï¸ğŸ˜‚
7472018926864518422,1739727358,7472071896320181014,0,7472018926864518422,0,"So,so ....."
7472018926864518422,1739727232,7472071457217905430,0,7472018926864518422,0,Oh nÃ¨ sÃ¼ÃŸ ğŸ˜­ğŸ˜­ğŸ˜­ğŸ˜­ğŸ˜­ğŸ˜­ğŸ˜­ğŸ˜­ğŸ˜­ğŸ˜­ğŸ˜­ğŸ˜­ğŸ˜­ğŸ˜­ğŸ˜­ğŸ˜­ğŸ˜­ğŸ˜­ğŸ˜­ğŸ˜­ğŸ˜­ğŸ¤£ğŸ¤£ğŸ¤£ğŸ˜‚ğŸ˜‚ğŸ˜‚ğŸ˜‚ğŸ¤£ğŸ¤£ğŸ¤£ğŸ¤£ğŸ˜‚ğŸ˜‚ğŸ˜‚
7472018926864518422,1739727231,7472071439534015254,0,7472018926864518422,0,"Frage, wie sehr hast du provoziert?"
7472018926864518422,1739727128,7472070948894737154,0,7472018926864518422,0,Was fÃ¼r ein schmutziger Wahlkampf 25
7472018926864518422,1739727110,7472070899865928470,0,7472018926864518422,0,"Man fragt sich echt, was in deren KÃ¶pfen vorgeht, wenn die auf offener BÃ¼hne mit Ohrfeigen drohen. Was passiert erst, wenn keine Ã–ffentlichkeit anwesend ist."
7472018926864518422,1739726825,7472069640477639426,0,7472018926864518422,0,"Warum werden eigentlich die SPD und DIE LINKE nicht angezeigt wenn sie die ANTIFA unterstÃ¼tzen, die auf Demos Schilder mit der Aufschrift ""AfDler tÃ¶ten"" mit sich fÃ¼hren??? ğŸ˜¡ğŸ˜¡ğŸ˜¡ğŸ’™ğŸ’™ğŸ’™"
7472018926864518422,1739726773,7472069446896157462,0,7472018926864518422,0,Nur noch die AFD
7472018926864518422,1739725897,7472065704641331990,0,7472018926864518422,0,oooohhhhhh du armer
7472018926864518422,1739725806,7472065241339659030,0,7472018926864518422,0,Richtig so!
7472018926864518422,1739725728,7472064928981156630,0,7472018926864518422,0,"Anzeige gegen gewaltbereiten Nazi ist richtig und wichtig. Nicht jede*r traut sich das, aber wer sich traut hilft allen damit.ğŸ’"
7472018926864518422,1739725398,7472063544642175766,0,7472018926864518422,0,mimi
7472018926864518422,1739725357,7472063402358375191,0,7472018926864518422,2,"Vielleicht sollte man zur Abwechslung immer wieder mal nebenbei erwÃ¤hnen, dass die GRÃœNEN in der WÃ¤hlergunst weder vor, noch unmittelbar hinter der AFD liegen."
7472018926864518422,1739723506,7472055390252860182,0,7472018926864518422,0,Jesus Maria und Josef
7472018926864518422,1739723492,7472055393850540822,0,7472018926864518422,0,afd verbot jetzt
7472018926864518422,1739723366,7472054806183166742,0,7472018926864518422,0,Gute Idee! Mit genau dieser Gewalt beginnt die Demokratie zu sterben.
7472018926864518422,1739722852,7472052574100849430,0,7472018926864518422,0,wahrscheinlich besuchst du's
7472018926864518422,1739718187,7472032567145169666,0,7472018926864518422,0,richtig gemacht ğŸ’šğŸ’šğŸ’šğŸ’šğŸ’ª
7472018926864518422,1739718056,7472031993996968726,0,7472018926864518422,0,unglaublich auch die Kommentare oft ich schÃ¤me mich eine Deutsche zu sein inzwischen ğŸ¥ºğŸ‘ğŸ»
7472018926864518422,1739716854,7472026850698117910,0,7472018926864518422,0,Ja war Einzelfall ğŸ¤£ Nimm es doch so hin.
7472018926864518422,1745466413,7496720993273758486,0,7472018926864518422,0,AFD'ler sind Volltrottel
7472018926864518422,1745045716,7494914224201499414,0,7472018926864518422,0,mimimi
7472018926864518422,1744639921,7493171355137049366,0,7472018926864518422,0,"Mi,mi,mi"
7472018926864518422,1743162665,7486826585291866902,0,7472018926864518422,0,Wo ist meine Mami du bist doch ein weich Ei ğŸ¤£ğŸ¤£ğŸ¤£ğŸ¤£ Mein Gott ğŸ¤£ğŸ¤£ğŸ¤£ğŸ˜­ğŸ˜­ğŸ˜­ğŸ˜­
7472018926864518422,1742636966,7484568742829867798,0,7472018926864518422,0,Was sagst du denn zu der KÃ¶rperverletzung was sich Merz geleistet hat? Aber kÃ¤mpfe weiter gegen Rechts.... Die Demokratie lebe hoch
7472018926864518422,1742628913,7484534138511737622,0,7472018926864518422,0,mi mi mi mi mi HeulsuseğŸ˜­ğŸ˜­ğŸ˜­
7472018926864518422,1742354982,7483357297369449238,0,7472018926864518422,0,was wenn du ihm gleich eine ohrfeige gegeben hÃ¤ttest bevor er dir eine gegeben hat?
7472018926864518422,1741418747,7479336447923012374,0,7472018926864518422,0,"Die Anzeige ist berechtigt, es hÃ¤tten 2 sein mÃ¼ssen! Mit einer Ohrfeige kann man das Dilemma nicht beheben,mit 2 auch nicht aber es befriedigt mehr!"
7472018926864518422,1741282242,7478750244373676822,0,7472018926864518422,0,"Ja, die Ohrfeige hÃ¤tte er auch ausfÃ¼hren sollen."
7472018926864518422,1739905295,7472836185573950230,0,7472018926864518422,0,Deine Mutti hat gesagt: Nehmt den nicht fÃ¼r voll. Nach seiner Coronaimpfung hat er einen bleibenden Schaden.
7472018926864518422,1739867597,7472674125179208470,0,7472018926864518422,0,Warmduscher
7472018926864518422,1739808527,7472420613135532822,0,7472018926864518422,0,MÃ¤uschen ğŸ’™ğŸ’™ğŸ’™
7472018926864518422,1739786732,7472326925915112214,0,7472018926864518422,0,"Mi,Mi,Mi"
7472018926864518422,1739759646,7472209973586559766,0,7472018926864518422,0,Mi Mi Mi
7472018926864518422,1739747796,7472159631029666582,0,7472018926864518422,0,Mami
7472018926864518422,1739744532,7472145652425818902,0,7472018926864518422,0,Angedroht??? Ich hÃ¤tte........ğŸ˜ğŸ˜ğŸ˜ğŸ˜ğŸ˜ğŸ˜ğŸ˜ğŸ˜ğŸ˜ğŸ˜ğŸ˜ğŸ˜
7472018926864518422,1739740259,7472127353235112726,0,7472018926864518422,0,Wo Wohnst du
7472018926864518422,1739737179,7472114143375213334,0,7472018926864518422,0,"Warum hat der nicht durchgezogen.
Das wÃ¤re besser gewesen."
7472018926864518422,1739733441,7472098090323444502,0,7472018926864518422,0,Mi mi mi
7472018926864518422,1739731853,7472091323563033366,0,7472018926864518422,0,mimimiii
7472018926864518422,1739730145,7472083976514061078,0,7472018926864518422,0,mi mi mi mi
7472018926864518422,1739729415,7472080814390903574,0,7472018926864518422,0,"MÃ¤dchen machen sowas, MÃ¤nner stecken sowas weg."
7472018926864518422,1739728015,7472074796551242518,0,7472018926864518422,0,Eine Ohrfeige. Hilfe. Nur Eibe. Das hat noch keinem Menschen geschadet.
7472018926864518422,1739723284,7472054455312696086,0,7472018926864518422,0,"mi,mi,mi"
7470207319511551254,1739562861,7471365448140653334,1,7470207319511551254,0,ğŸ™
7470207319511551254,1740694341,7476225176529044246,0,7470207319511551254,0,ğŸ™ğŸ™ğŸ™
7470207319511551254,1740302144,7474540630690759446,0,7470207319511551254,0,ğŸ™ğŸ™
7470207319511551254,1739870307,7472685782232122134,0,7470207319511551254,0,Meine Stimme ist nur fÃ¼r dich
7470207319511551254,1739771278,7472260135177798422,0,7470207319511551254,0,"Ich hab dieses Jahr nicht gewÃ¤hlt, weil ich nicht wÃ¼sste, was ich wÃ¤hlen soll. Aber wenn ich wÃ¼sste, dass sie bei GrÃ¼nen sind, hÃ¤tte ich definitiv gewÃ¤hlt.ğŸ’ª"
7470207319511551254,1739737064,7472113701533909782,0,7470207319511551254,0,ğŸ’šğŸ’šğŸ‘
7470207319511551254,1739627646,7471643705196495638,0,7470207319511551254,0,ğŸ¤ğŸ¤ğŸ¤ğŸ¦šğŸ¦šğŸ¦šğŸ¦š
7470207319511551254,1739380273,7470581234977686294,0,7470207319511551254,0,ğŸ¥°ğŸ¥°ğŸ¥°ğŸ‘Œ
7470207319511551254,1739296122,7470219752813708054,0,7470207319511551254,0,ğŸ¥°ğŸ¥°ğŸ¥°ğŸ¥°
7470207319511551254,1739293740,7470209507548496663,0,7470207319511551254,0,keine Altparteien
7470207319511551254,1739293572,7470208836767859478,0,7470207319511551254,0,"Dieses Jahr werden nur sonstige gewÃ¤hlt. Ob Blau oder GrÃ¼n, Rot oder Schwarz, oder irgendetwas dazwischen? Ihr seid alle eine EnttÃ¤uschung. Leider!"
7473781694068313366,1740337224,7474691325167551254,0,7473781694068313366,0,We demand the banning of the Quran because it incites the killing of non-Muslims. The Muslim Quran must be exposed before Europe is destroyed and the Quran is banned.
7473781694068313366,1740195838,7474083338517791510,0,7473781694068313366,0,ğŸ¥°ğŸ¥°ğŸ¥°
7473781694068313366,1740138793,7473838990027588374,0,7473781694068313366,0,ğŸ¥°ğŸ¥°ğŸ¥°ğŸ¥°
7473781694068313366,1740131494,7473807612909028118,0,7473781694068313366,0,ğŸ¥°ğŸ¥°ğŸ¥°ğŸ¥°
7473781694068313366,1740131462,7473807520352666390,0,7473781694068313366,0,ğŸ¥°ğŸ¥°ğŸ¥°
