reply_count,text,video_id,create_time,id,like_count,parent_comment_id
0,"cooli, weiter so ğŸ‘ğŸ’š",7460934624307465494,1737138058,7460950946656011030,0,7460934624307465494
0,Love itğŸ¥°,7459410479195180310,1736932251,7460067187211551510,0,7459410479195180310
0,ğŸ©·ğŸ¤ğŸ©µ,7459410479195180310,1736903692,7459943847881294614,0,7459410479195180310
1,Ist doch logisch. MÃ¤nner gehÃ¶ren nicht in die Frauensauna. So oder so.,7458570870311636246,1736585357,7458576965382652694,4,7458570870311636246
0,"dauert nicht lange bis cis Frauen attackiert werden deswegen, transphobia ist frauenhass",7458570870311636246,1736687369,7459015332197401366,3,7458570870311636246
1,Ich als transfrau wÃ¼rde es trotzdem nicht wagen rein zu gehen solange ich nicht die ganze transition vollendet habe.,7458570870311636246,1736589852,7458596336414851862,2,7458570870311636246
0,transphobia is misogyny,7458570870311636246,1736597415,7458628737594589974,1,7458570870311636246
0,ğŸ˜,7458570870311636246,1738047040,7464854880415843094,0,7458570870311636246
0,"Ich wÃ¼rde es austesten und auch digital aufzeichnen. Definitiv keine Sichtkontrolle meiner Genitalien zulassen und bei Ã¼bergriffigen Verhalten, dies mit einem Anwalt auch zur Anzeige bringen.",7458570870311636246,1737367749,7461937159505707798,0,7458570870311636246
0,Nie wieder ist jetzt âœŠğŸ’š,7464929374236593430,1738069412,7464951096868537110,22,7464929374236593430
1,"Merz handelt, die anderen labern wie eh und je weiter.",7464929374236593430,1738083754,7465012673379402518,17,7464929374236593430
0,Verfassungswidrig ist das was derzeit passiert ğŸ˜³,7464929374236593430,1738088072,7465031221120254742,8,7464929374236593430
0,dieser machtbessene Egoist reitet uns im Galopp 8n den Untergang,7464929374236593430,1738066357,7464937949307061014,8,7464929374236593430
0,"CSU schmust eh schon heftig mit der AfD Bayern. Aber was will man erwarten, die waren immer schon rechts.",7464929374236593430,1738066160,7464936993849738006,7,7464929374236593430
0,So wichtiges Thema das mÃ¼ssen mehr Leute sehen !!!,7464929374236593430,1738065817,7464935534173012758,7,7464929374236593430
0,"Danke fÃ¼r die klaren Worte! Wir mÃ¼ssen Ã¼ber LÃ¶hne, Mieten, Klima, Infrastruktur & Europa reden. ğŸ™ Nie wieder ist jetzt! ğŸ’šğŸ’šğŸ’š",7464929374236593430,1738077610,7464986242800845590,6,7464929374236593430
2,was kann man dagegen machen? demos hilfen ja anscheinend nicht,7464929374236593430,1738072623,7464964829925606176,5,7464929374236593430
0,"Und das schÃ¶ne ist: Der VerstoÃŸ gegen EU Recht wird unsere Partner so abnerven, dass sie mit uns nicht mehr zusammen arbeiten werden. Dadurch bleiben wir auf mehr FlÃ¼chtlingen sitzen.",7464929374236593430,1738065194,7464932873918595862,4,7464929374236593430
0,Supi!! Freu mich darauf!!ğŸ‘ğŸ‘ğŸ‘,7464929374236593430,1738102955,7465095049808003862,3,7464929374236593430
0,"Merz ist wie Trump. Und wir sehen, was in den USA gerade passiert!
Nicht in Deutschland",7464929374236593430,1738163364,7465354593770996502,2,7464929374236593430
0,macht den Antrag nicht falsch,7464929374236593430,1738091559,7465046243745465110,2,7464929374236593430
0,Danke Nyke,7464929374236593430,1738066645,7464939054524039958,2,7464929374236593430
0,"Sehr gut , Merz hat verstanden, ihr nicht",7464929374236593430,1738181474,7465432410861060886,1,7464929374236593430
0,Von welcher rechtsradikalen Partei spricht diese Frau? Ich habe keine der vier auf dem Wahlzettel gesehen,7464929374236593430,1738098196,7465074808535941910,1,7464929374236593430
0,Danke Friedrich Merz ğŸ–¤â¤ï¸ğŸ’›,7464929374236593430,1738093666,7465055354955514646,1,7464929374236593430
0,so muss das sein! Danke Merz,7464929374236593430,1738091543,7465046149721916182,1,7464929374236593430
0,Die Arbeiten nicht zusammen. Es ist einfach eine Abstimmung,7464929374236593430,1738091229,7465044807514178326,1,7464929374236593430
0,Sie haben wie viele GrÃ¼ne groÃŸe Probleme beim Verstehen von naja sagen wir mal Sachen! Zb. das Wort Zusammenarbeit scheint fÃ¼r Sie ein Fremdwort zu sein.,7464929374236593430,1738089480,7465037349207180054,1,7464929374236593430
0,wieder eine die langsam merkt das das Volk ihre Regierung wÃ¤hlt und nicht diese mÃ¶chtegern Politiker,7464929374236593430,1738089370,7465036829567140630,1,7464929374236593430
1,Wenn alle anderen Parteien Ihren Job und in der Sache entscheiden wÃ¼rden hÃ¤tte man eine Mehrheit fÃ¼r das richtige. Aber man entscheidet lieber falsch als mit den falschen das richtige,7464929374236593430,1738088776,7465034328645436182,1,7464929374236593430
0,Und es wird geschehen ğŸ‰ğŸ’¯,7464929374236593430,1738086536,7465024679141589782,1,7464929374236593430
0,"Also mit anderen Worten: Die CDU darf nur AntrÃ¤ge einbringen, die links-grÃ¼n, also SPD und GrÃ¼ne in den Kram passen, spannendes DemokratieverstÃ¤ndnis ğŸ˜‚ğŸ˜‚",7464929374236593430,1738086015,7465022434115879702,1,7464929374236593430
0,Hoffentlich!!!,7464929374236593430,1738074926,7464974688597639958,1,7464929374236593430
0,stimme zu. aber trotzdem voll der schÃ¶ne Schal ğŸ’œ,7464929374236593430,1738065444,7464934050608759574,1,7464929374236593430
0,#Opportunismus #Machtgier #Merzinfarkt,7464929374236593430,1739007825,7468981523439846167,0,7464929374236593430
0,â£ï¸www.shirtee.com/de/brandmauer02/,7464929374236593430,1738246246,7465710512061334294,0,7464929374236593430
0,super Sache super Leute deshalb alles fÃ¼r die AFD und Deutschland deshalb nur noch AFD wÃ¤hlen,7464929374236593430,1738187968,7465460321814283030,0,7464929374236593430
0,Millionen Fach abgeschoben,7464929374236593430,1738184362,7465444795290485526,0,7464929374236593430
0,Na endlich,7464929374236593430,1738159966,7465340061215785750,0,7464929374236593430
0,"Ist doch klasse, endlich geschieht was und die kriminellen Facharbeiter kÃ¶nnen zu Hause werkeln.",7464929374236593430,1738157748,7465330442005185282,0,7464929374236593430
0,Ist doch alles richtig. Das nennt sich Demokratie,7464929374236593430,1738155980,7465322925789463318,0,7464929374236593430
0,Wie nennt man eine Mehrheit im Bundesrag? Ist eine Mehrheit im Bundestag nicht Demokratisch?,7464929374236593430,1738151415,7465303151065023254,0,7464929374236593430
0,Die Demokratie schlÃ¤gt zuğŸ˜‰,7464929374236593430,1738143145,7465267713011942166,0,7464929374236593430
0,Zusammenarbeit? Das stimmt doch Ã¼berhaupt nicht!,7464929374236593430,1738136895,7465240678118949654,0,7464929374236593430
0,was sagt denn unser Doktor der Wirtschaftswissenschaften Robert Habeck dazu ?,7464929374236593430,1738119263,7465164150885516054,0,7464929374236593430
0,Eingraucht !!,7464929374236593430,1738115649,7465148834617017110,0,7464929374236593430
0,Danke Nyke,7464929374236593430,1738102125,7465091512625529622,0,7464929374236593430
0,"NIEMALS CDU/CSU, NIEMALS FDP, NIEMALS AFD, NIEMALS BSW, NIEMALS FREIE WÃ„HLER",7464929374236593430,1738101837,7465090355516965654,0,7464929374236593430
0,"Hoffentlich, alles schon lange Ã¼berfÃ¤llig.",7464929374236593430,1738100706,7465085543937065750,0,7464929374236593430
0,Europarecht? Die Regelung der DÃ¤nen geht weit Ã¼ber Merz Vorschlag hinaus!,7464929374236593430,1738100243,7465083525449532182,0,7464929374236593430
0,Die HÃ¼tte brennt.. ğŸ˜‚ğŸ˜‚P.S. SchÃ¶ner Schalâ€¦.,7464929374236593430,1738097654,7465072448820871958,0,7464929374236593430
0,"MIT SICHERHEIT NICHT.
DAZU IST DIE AFD ZU INTELLIGENT SICH DARAUF EINZULASSEN.",7464929374236593430,1738097629,7465072317061726999,0,7464929374236593430
0,aber so sollte es doch sein.jemand macht vorschlÃ¤ge und dann wird darÃ¼ber von allen abgestimmt.wenn mehrheit dafÃ¼r wirds angenommen.das ist demokratie und sollte die normalitÃ¤t sein.,7464929374236593430,1738097527,7465071833412748054,0,7464929374236593430
0,Wir tippen auf Berlin ğŸ¤£ğŸ¤£,7464929374236593430,1738097160,7465070311382926102,0,7464929374236593430
0,"Der Friedrich will Lager bauen, dafÃ¼r haben wir wohl GeldğŸ˜",7464929374236593430,1738097027,7465069782467986198,0,7464929374236593430
0,"Warum laufen Sie, wÃ¤hrend Sie reden? Sie sind vÃ¶llig auÃŸer Atem.",7464929374236593430,1738096846,7465068909241697047,0,7464929374236593430
0,LÃ¼gnerin,7464929374236593430,1738096504,7465067479321985814,0,7464929374236593430
0,Das wird auch langsam Zeit. Dann hÃ¶rt das Morden endlich auf,7464929374236593430,1738096156,7465066012095234838,0,7464929374236593430
0,"Schon mal was von Dublin gehÃ¶rt?
Einfach den AntrÃ¤gen zustimmen und Zack, braucht keiner die AFD.",7464929374236593430,1738095291,7465062252032639766,0,7464929374236593430
0,So etwas nennt man Demokratie.Aber das versteht ja euere Sekte ja nicht,7464929374236593430,1738093592,7465054939339277078,0,7464929374236593430
0,Und das ist gut so,7464929374236593430,1738091729,7465046942164665110,0,7464929374236593430
0,grÃ¼ne sind brandgefÃ¤hrlich,7464929374236593430,1738091587,7465046396669920023,0,7464929374236593430
0,ja wird Zeit dass dieser Schwachsinn von Brandmauer einstÃ¼rzt,7464929374236593430,1738090899,7465043438220952342,0,7464929374236593430
0,das ist ganz einfach die Sozialschmarotzer illegal ohne Papiere Eingereisten der Ukraine Krieg das alles muss muss man in den Griff kriegen dann ist wieder Geld fÃ¼r die eigenen da,7464929374236593430,1738090876,7465043351437476641,0,7464929374236593430
0,Macht doch ne Demo ğŸ¤£ğŸ¤£ğŸ¤£ğŸ¤£,7464929374236593430,1738090853,7465043178742137622,0,7464929374236593430
0,Macht doch ne Demo ğŸ¤£ğŸ¤£ğŸ¤£ğŸ¤£,7464929374236593430,1738090823,7465043060856046358,0,7464929374236593430
0,LinksgrÃ¼nes blabla,7464929374236593430,1738089877,7465038985336455938,0,7464929374236593430
0,"Stimnt doch nicht (""Zusammenarbeit"")",7464929374236593430,1738089860,7465038954090890006,0,7464929374236593430
0,Ansonsten kommen die Asylbewerber aus sicheren Drittstaaten,7464929374236593430,1738089720,7465038318545568534,0,7464929374236593430
0,"Nein, das deutsche Asylrecht ist bis jetzt ausgesetzt! Es gilt immer noch das Dublinabkommen. Lediglich, wer Ã¼ber die Nordsee kommt, darf bei uns Asyl beantragen",7464929374236593430,1738089668,7465038078628791063,0,7464929374236593430
0,bla bla bla,7464929374236593430,1738089269,7465036456722039574,0,7464929374236593430
0,ğŸ’šğŸ’šğŸ’šğŸ’šğŸ’šğŸ’šğŸ’š,7464929374236593430,1738088808,7465034382149305110,0,7464929374236593430
0,Welches Gesetz? ğŸ¤£ğŸ¤£ Anfrage!!,7464929374236593430,1738088639,7465033687995794198,0,7464929374236593430
0,Die WÃ¤hler der AFD haben ein Recht vertreten zu werden. Sind mehr als die der GrÃ¼nen und SPD. Also natÃ¼rlich eine demokratische Entscheidung.,7464929374236593430,1738088630,7465033687995204374,0,7464929374236593430
0,"Es bleibt zu hoffen, daÃŸ einige Menschen aus der Union noch fÃ¤hig sind, gegen Friedrich zu stimmen.",7464929374236593430,1738088115,7465031440830120726,0,7464929374236593430
0,"Es geht nicht um GeflÃ¼chtete,sondern um ILLEGALE MIGRANTEN! Wir wollen schon bei der Wahrheit bleiben,gell!",7464929374236593430,1738086886,7465026100622000918,0,7464929374236593430
0,wurde auch Zeit,7464929374236593430,1738085941,7465022104812602134,0,7464929374236593430
0,"Union Pfui, Wiederlich ğŸ˜›",7464929374236593430,1738084141,7465014314749428502,0,7464929374236593430
0,Wird mal Zeit,7464929374236593430,1738083939,7465013546120872726,0,7464929374236593430
0,gut so finde ich gut,7464929374236593430,1738083905,7465013398401483542,0,7464929374236593430
0,"Schon gehÃ¶rt ein sehr junger CDU Junge beim Messerangriff verstorben, es ist ja nicht dein Kind",7464929374236593430,1738083882,7465013203850052374,0,7464929374236593430
0,"Super Merz... beide Stimmen der CSU....
BlÃ¶dsinn.. wenn die GrÃ¼nen und die SPD zustimmen braucht man die Afd nicht.",7464929374236593430,1738082950,7465009264810476310,0,7464929374236593430
0,Nein danke! Kein Bedarf!,7464929374236593430,1738082731,7465008267825218326,0,7464929374236593430
0,Das wÃ¤re schÃ¶n,7464929374236593430,1738082503,7465007339096769302,0,7464929374236593430
0,Demokratie,7464929374236593430,1738082255,7465006212335321878,0,7464929374236593430
0,Endlich passiert mal was!,7464929374236593430,1738081869,7465004605270197014,0,7464929374236593430
0,Die Demokratie lebt! ğŸ‡©ğŸ‡ªğŸ¤˜,7464929374236593430,1738081530,7465003129324241686,0,7464929374236593430
0,Finde ich super von Herrn Merz das ist eine Demokratie wenn alle Partein dabei sind,7464929374236593430,1738079511,7464994448947954454,0,7464929374236593430
0,zu spÃ¤t er ist aufgeflogen.,7464929374236593430,1738078989,7464992200222196502,0,7464929374236593430
0,Und wo ist das Problem. Das nennt man Demokratie. illegale und StraftÃ¤ter gehÃ¶ren rausgeworfen.,7464929374236593430,1738078087,7464988311074931478,0,7464929374236593430
3,Also ich fasse zusammen wenn die CDU und afd zusammen arbeiten was die Mehrheit des deutschen Volks will was man Ã¼brigens Demokratie nennt ist das falschğŸ˜‚ğŸ˜‚ğŸ˜‚aber wenn man mit Parteien zusammen,7464929374236593430,1738064827,7464931316346864406,0,7464929374236593430
0,genau richtig dieses Gesetz . Die Asylindustrie wird zurÃ¼ck gefahren. Viele Probleme hÃ¤ngen mit der Migration zusammen.,7464929374236593430,1738071151,7464958553842189078,0,7464929374236593430
0,ğŸ’š,7463127747427175702,1737700477,7463366455401267990,1,7463127747427175702
0,"viel Kraft und Erfolg dir
und lass dir nicht den SpaÃŸ nehmen ğŸ’šğŸ’šğŸ’šğŸ‘ğŸ‘ğŸ‘",7463127747427175702,1737658145,7463184784760636182,1,7463127747427175702
0,"Der GrÃ¼ne Max Reschke, ehemaliger GrÃ¼ner Landesprecher der GrÃ¼nen, hat im Stadtrat von Apolda gemeinsam mit der AfD abgestimmt. Wo ist die Brandmauer der GrÃ¼nen?",7463127747427175702,1738579172,7467140339712525078,0,7463127747427175702
0,"Erstaunlich. Gute Arbeit, dir tust. GrÃ¼ÃŸe aus Berlin",7463127747427175702,1737735301,7463516135604355845,0,7463127747427175702
3,Wer trÃ¤gt die Schuld an Aschaffenburg. Wer blockiert schÃ¤rfere Gesetze wem sind Kriminelle wichtiger wie unschuldige BÃ¼rger GRÃœNE !!!!,7463076336072985878,1737638910,7463102076370141974,2,7463076336072985878
1,"Den GrÃ¼nen glaub ich das irgendwo noch, der SPD glaub ich das einfach nicht. Wo ist da die GlaubwÃ¼rdigkeit nach 16 Jahren GroKo",7467192870823365911,1738614525,7467292346542785303,21,7467192870823365911
0,"â•”â•â•â•â•à¼ºâ€à¼»ğŸ©·à¼ºâ€à¼»â•â•â•â•â•—
*ğŸš©ğŸŒ¾â¤ï¸ğŸ–¤âœ²DieLinkeâœ²ğŸ–¤â¤ï¸ğŸŒ¾ğŸš©*
â•šâ•â•â•â•à¼ºâ€à¼»ğŸ©·à¼ºâ€à¼»â•â•â•â•â•",7467192870823365911,1738599450,7467227527196918550,14,7467192870823365911
0,"â•­â•®â•­â•®ğŸ’“'â•­â•®
â”ƒâ”ƒâ”£â•‹â”â”³â”«â”£â”³â”â•®ğŸ©·
â”ƒâ•°â”«â”ƒâ”ƒâ”ƒâ”ƒâ”â”«â”»â”«ğŸ€
â•°â”â”»â”»â”»â”â”»â”»â”»â”â•¯ğŸ©·",7467192870823365911,1738594375,7467205823769608982,9,7467192870823365911
1,"nach der Ampel linksğŸ©·ğŸ”¥âœŠ
und was wenn es schwarz rot oder grÃ¼n wird und die CDU sucht sich fÃ¼r die Abschaffung des sbgg mehrheiten mit der AFD (und bsw)",7467192870823365911,1738592542,7467197957876482838,7,7467192870823365911
1,"Ich dachte auch dass es mit den GrÃ¼nen keine RÃ¼ckschritte geben wird, aber nachdem man Trans Menschen aus dem gewalthilfegesetz gestrichen hat weiÃŸ ich nicht wie sehr ich darauf vertrauen kann.",7467192870823365911,1738621032,7467320192290456342,6,7467192870823365911
0,ja und bitte verbessern ğŸ˜˜,7467192870823365911,1738635261,7467380177916936982,5,7467192870823365911
0,Lieben wir â¤ï¸â¤ï¸â¤ï¸â¤ï¸Ich wÃ¤hle GrÃ¼n ğŸ™‚,7467192870823365911,1738621055,7467320303590408982,4,7467192870823365911
0,ğŸ’šğŸ’šğŸ’š,7467192870823365911,1738606946,7467259801497338646,4,7467192870823365911
0,ğŸŒ»ğŸ’šğŸŒ»ğŸ’šğŸ‡©ğŸ‡ªğŸ’šğŸŒ»ğŸ’šğŸŒ»ğŸ“ˆğŸ¥³,7467192870823365911,1738616310,7467300044499059479,3,7467192870823365911
0,ğŸ™ŒğŸ»ğŸ™ŒğŸ»ğŸ™ŒğŸ»,7467192870823365911,1738592086,7467195938068415254,3,7467192870823365911
0,"Danke, das ist so wichtigâ¤ï¸â¤ï¸â¤ï¸",7467192870823365911,1738622772,7467327692988547862,2,7467192870823365911
0,die sehen auch alle wie das Gesetz aus.ğŸ˜‚ğŸ˜‚ğŸ˜‚,7467192870823365911,1738593176,7467200637865509654,2,7467192870823365911
0,"Der SPD, die damals aus Opportunismus und fehlender Haltung bzw GleichgÃ¼ltigkeit gegen das Selbstbestimmungsgesetz gestimmt hat, ist nicht zu trauen. Wir haben das nicht vergessen.",7467192870823365911,1738656394,7467471925817770774,1,7467192870823365911
0,"Gemeinsam habt ihr trans, inter und nichtbinÃ¤re Personen vom Gewalthilfegesetz ausgeschlossen. Wer faule Kompromisse auf Kosten Marginalisierter gut heisst, wÃ¤hlt GrÃ¼n.",7467192870823365911,1738637000,7467387376278094614,1,7467192870823365911
1,"Der GrÃ¼ne Max Reschke, ehemaliger GrÃ¼ner Landesprecher der GrÃ¼nen, hat im Stadtrat von Apolda gemeinsam mit der AfD abgestimmt. Wo ist die Brandmauer der GrÃ¼nen?",7467192870823365911,1738605959,7467255589820105494,1,7467192870823365911
0,"genau das ist das Problem, unwÃ¤hlbar",7467192870823365911,1738593665,7467202673416291094,1,7467192870823365911
0,ğŸ’šğŸ’šğŸ’š,7467192870823365911,1742259293,7482946422402237206,0,7467192870823365911
0,CDU und AFD werden das schob versuchen rÃ¼ckgÃ¤ngig zu machen und dann hilft nur noch Klage beim Bundesverfassungsgericht oder noch hÃ¶her,7467192870823365911,1741245976,7478594396712747798,0,7467192870823365911
0,FÃ¼r den Sozialismus ğŸš©,7467192870823365911,1740931296,7477242927241397014,0,7467192870823365911
3,"Ich habt beim Gewalthilfegesetz einfach trans Frauen unter den Bus geworfen, also idk wie glaubhaft das jetzt wirkt...",7467192870823365911,1739642920,7471709261317669654,0,7467192870823365911
0,â¤ï¸ğŸ³ï¸â€âš§ï¸ğŸ³ï¸â€ğŸŒˆâ¤ï¸,7467192870823365911,1739486930,7471039310700069654,0,7467192870823365911
0,hey boy,7467192870823365911,1739298514,7470230047636308758,0,7467192870823365911
0,warum dann transfeindlicher Kompromiss beim Gewalthilfegesetz?,7467192870823365911,1739186764,7469750084171760406,0,7467192870823365911
0,â¤ï¸ğŸ³ï¸â€ğŸŒˆğŸ³ï¸â€âš§ï¸â¤ï¸,7467192870823365911,1739008206,7468983094030566166,0,7467192870823365911
0,"Das ""Selbstbestimmungsgesetz"" ist ein RealitÃ¤tsverweigerungsgesetz. Genau so gut kÃ¶nnte man ein Schwerkraftaufhebungsgesetz verabschieden.",7467192870823365911,1738856949,7468333509487133442,0,7467192870823365911
0,"Wenn so klare Aussagen von eurer FÃ¼hrung kommen wÃ¼rden, aber die planen ja wohl immer noch die Koalition mit Merz.",7467192870823365911,1738741426,7467837107731792662,0,7467192870823365911
0,"Lol ihr rennt dem Merz sogar noch hinterher oO..
Bauernaufstand und alle rudern zurÃ¼ck, aber wenn 300k Menschen auf der StraÃŸe sind passiert 0. Im Gegenteil, die Leute werden sogar beleidigt",7467192870823365911,1738701686,7467666750373724950,0,7467192870823365911
0,Aber RÃ¼ckschritte bei der Migration,7467192870823365911,1738687520,7467605783754621718,0,7467192870823365911
0,"Warum macht ihr es nicht besser? Alles was da an Transfeindlichkeit ist, zu streichen.",7467192870823365911,1738679847,7467572897134527254,0,7467192870823365911
0,"Bei der Selbstbestimmung vielleicht nicht, aber bei Migration schon. Wieso soll man euch da noch glauben was das SBG betrifft.",7467192870823365911,1738666993,7467517612386566934,0,7467192870823365911
0,abwarten,7467192870823365911,1738663135,7467500986354500374,0,7467192870823365911
0,"und auch nie wieder Fortschritte, muss ja auch mit Faschos Kompromisse finden",7467192870823365911,1738631181,7467362966997811990,0,7467192870823365911
0,â¤â¤â¤,7467192870823365911,1738621023,7467320242633868054,0,7467192870823365911
1,Nur AfD,7467192870823365911,1738610811,7467276464178955030,0,7467192870823365911
4,deswegen AFD.ğŸ‘ğŸ‘ğŸ˜‚ğŸ˜‚,7467192870823365911,1738593191,7467200701438477078,0,7467192870823365911
0,ğŸ˜‚ğŸ˜‚ğŸ˜‚ğŸ˜‚ğŸ˜‚ğŸ˜‚ğŸ˜‚ğŸ˜‚,7467192870823365911,1738593140,7467200456394982166,0,7467192870823365911
12,"Zim GlÃ¼ck auch mal Menschen die sich um die 0,001 Prozent der BevÃ¶lkerung kÃ¼mmern",7467192870823365911,1738591580,7467193780153352982,0,7467192870823365911
1,grÃ¼n niemals,7470870386708663574,1739448221,7470872944979280662,1,7470870386708663574
0,niemals grÃ¼ne und linke,7470870386708663574,1740775014,7476571698448909078,0,7470870386708663574
0,ğŸ‘ğŸ‘ğŸ‘,7470870386708663574,1739453377,7470895158373581590,0,7470870386708663574
4,Ich kann einfach nicht mehr.. CSU is einfach schlimm.. Ich benutz das Deutschlandticket und es is spitze und ich will es auch weiterhin in Bayern nutzen kÃ¶nnen.. Was is los mit denen,7469815871158881558,1739217053,7469880193307607830,255,7469815871158881558
1,"Konservative Politik schadet den Menschen? krass, hÃ¤tt ich nicht gedacht",7469815871158881558,1739341983,7470416635392951062,81,7469815871158881558
0,hatte so viele Klassenkameraden aus Bayern auf ner Hessischen Schule die hatten immer so probleme mit den Tickets ğŸ¤¦â€â™€ï¸das Deutschlandticket war da so ne krasse hilfe,7469815871158881558,1739217722,7469883065378095894,59,7469815871158881558
1,Einfach unwÃ¤hlbar ğŸ˜¢,7469815871158881558,1739218319,7469885689816122134,26,7469815871158881558
0,"Ohhh nein, die CSU ist nicht an dem Wohlergehen von Ã„rmeren & MittelstÃ¤ndischen interessiert? Who would have thought... (Warnung, dieser Kommentar kÃ¶nnte Spuren von Sarkasmus und ErdnÃ¼ssen beinhalten)",7469815871158881558,1739202665,7469818363943551766,26,7469815871158881558
0,"Es gibt einige Gesetze/Vorgaben, die Bayern exklusiv oder fast exklusiv nie umgesetzt hat. Zum Beispiel Bildungsfreistellung fÃ¼r Arbeitnehmer.",7469815871158881558,1739262298,7470074333428990742,21,7469815871158881558
0,Die Union wird das D-Ticket eh canceln nach der Wahl. Und dann erzÃ¤hlen sie immer was von Entlastung.,7469815871158881558,1739330567,7470366369046381334,15,7469815871158881558
0,leider ist das keine NeuigkeitğŸ˜­,7469815871158881558,1739202250,7469816526709113622,9,7469815871158881558
1,Vor dem Deutschland-Ticket musste ich mir Ã¼berlegen ob ich meinen Freund oder meine Eltern Ã¼ber das Wochenende besuchen konnte. Wenn es doof lief waren das 50 â‚¬ pro Wochenende. (1),7469815871158881558,1741233274,7478539594398090006,7,7469815871158881558
4,Ohne D-Ticket wÃ¤re mein Weg zur Arbeit nicht finanzierbar fÃ¼r mich ğŸ™ˆ,7469815871158881558,1739444780,7470858233730728726,6,7469815871158881558
0,bald steig aus Bayern aus eyğŸ¤¦ğŸ½â€â™€ï¸,7469815871158881558,1739217759,7469883197004104470,6,7469815871158881558
0,aber die grÃ¼nen spalten deutschland.,7469815871158881558,1739202557,7469817902515782422,6,7469815871158881558
1,FÃ¼r den normalen Ã–PNV preis kann ich gleich Auto fahren,7469815871158881558,1741682094,7480467493116674838,5,7469815871158881558
0,"Die Menschen wollen einfach weniger netto. Die wollen bÃ¼rokratie.
SchlieÃŸlich wird genau die Parteien gewÃ¤hlt",7469815871158881558,1739263626,7470080134910165782,5,7469815871158881558
3,"Der Bund hat sich das Ticket ausgedacht, dann muss er es auch finanzieren, das ist alles.",7469815871158881558,1739222972,7469905646092305174,5,7469815871158881558
1,Kann Bayern einfach aus Deutschland aussteigen?,7469815871158881558,1739203034,7469819912040661782,5,7469815871158881558
0,"ğŸ¤” Wenn die mal auch so ""kreativ"" im LÃ¶sen von Problemen wÃ¤ren...",7469815871158881558,1739253352,7470035784071594774,4,7469815871158881558
4,KÃ¶nnen wir Bayern nicht einfach weg machen? Oder an Trump verkaufen oder so?,7469815871158881558,1739221349,7469898701234815766,4,7469815871158881558
0,"Deutschland ohne Bayern wÃ¤re lustig, aber sÃ¶der muss sich mal wieder einkommen mit seinen dummen ideen",7469815871158881558,1739202998,7469819839507809046,4,7469815871158881558
56,Ich im lÃ¤ndlichen Raum - wie etwa 90% Bayerns - profitiert nicht davon. Warum muss ich GroÃŸstÃ¤dter unterstÃ¼tzen?,7469815871158881558,1739219772,7469891868975792919,3,7469815871158881558
0,Deswegen ğŸ©·ğŸ©·ğŸ©· ğŸ¥°,7469815871158881558,1739203127,7469820372943799062,3,7469815871158881558
1,Warum zur HÃ¶lle,7469815871158881558,1739219636,7469891326684054294,2,7469815871158881558
0,Kann das warten bis ich aus Bayern wegziehen kann wieder? Die SÃ¶derin kotzt mich sowieso schon so hart an.,7469815871158881558,1739219183,7469889353310716694,2,7469815871158881558
0,Lass mal abschieben. Bayern an Ã–sterreich.,7469815871158881558,1739213167,7469863482680443670,2,7469815871158881558
0,Da merkt man warum CSU und Freie WÃ¤hler unwÃ¤hlbar sind,7469815871158881558,1739205498,7469830546463228694,2,7469815871158881558
0,mal n anderes thema: wisst ihr noch lÃ¼tzerath? die grÃ¼nen auch nicht,7469815871158881558,1741850436,7481190553506775830,1,7469815871158881558
0,"Kleine grammatische Korrektur: Du hast ""bayrische Regierung"" und ""gemeinsam"" in demselben Satz benutzt.",7469815871158881558,1741761249,7480807469146751766,1,7469815871158881558
0,"FrÃ¼her Ã¼ber 150â‚¬ gezahlt, seitdem Auto und dabei ist es geblieben, da es einfach flexibler ist wenn man keine vollstÃ¤ndige Gleitzeit hat.",7469815871158881558,1739228032,7469927164478898966,1,7469815871158881558
0,ğŸ™„ Unglaublichâ€¦,7469815871158881558,1739225728,7469917339285652226,1,7469815871158881558
28,"Bayern zahlt jedes Jahr Milliarden an den Bund fÃ¼r den LÃ¤nderfinanzausgleich, Berlin nimmt immer nur.",7469815871158881558,1739224641,7469912690506810134,1,7469815871158881558
0,"Dann muss der Arbeitgeber zu ğŸ’¯% Ã¼bernehmen, wenn er nicht will BuÃŸgeldğŸ‘€",7469815871158881558,1739224400,7469911740286255894,1,7469815871158881558
0,ğŸ’š,7469815871158881558,1739202559,7469817883901690646,1,7469815871158881558
0,Bayern: Man muss doch irgendwie CSU wÃ¤hlen kÃ¶nnen UND das Deutschland Ticket behalten.,7469815871158881558,1741865818,7481256654042907414,0,7469815871158881558
0,die brauchen das Geld fÃ¼r den Agrardiesel... vielleicht kÃ¶nnen sie ja ein Uber mit Traktoren einfÃ¼hren. CSU und damit Populisten von Vor-vorgestern AbwÃ¤hlen!,7469815871158881558,1741831204,7481107769341903618,0,7469815871158881558
0,"Klar ist ja kein Geld mehr da, das geht ja fÃ¼r die Pendlerpauschale drauf. ğŸ˜Š",7469815871158881558,1741643720,7480302760899691286,0,7469815871158881558
24,Wir mÃ¼ssen Ã¼berall sparen . Das Ticket ist ein kann und kein Muss .,7469815871158881558,1741621239,7480206195405357846,0,7469815871158881558
0,Mein Ã–PNV kreis ticket hat vorher alleine 99â‚¬ gekostet also finanzieren kann ich das net,7469815871158881558,1741612105,7480166940859810582,0,7469815871158881558
0,Gut dann Kauf ich mir einen Diesel sonst komme ich nicht mehr in die Arbeit,7469815871158881558,1741609727,7480156710562513686,0,7469815871158881558
0,Allein fÃ¼r meine Stadt mÃ¼sste ich dann 100â‚¬ bezahlen aber da ich auf oft in die nÃ¤chste Stadt fahre fast 140â‚¬. Gut ohne Deutschland Ticket werde ich einfach 0â‚¬ bezahlen.,7469815871158881558,1741607188,7480145819930182422,0,7469815871158881558
0,Das ist diese Entlastung der mittelschicht die die penner immer predigen,7469815871158881558,1741604186,7480132920880743190,0,7469815871158881558
0,Das ist kein Problem: Maggus der Aufgeblasene schwebt als Ballon Ã¼ber Bayern und Ã¼bernimmt den Ã–PVN .... Ã¶kologisch soziall ...,7469815871158881558,1741417086,7479329336525751062,0,7469815871158881558
0,inzwischen will SÃ¶der es wieder sichern angeblich? die Politik eskaliert immer mehr...,7469815871158881558,1739350142,7470451691772183318,0,7469815871158881558
0,"Sollen sie das in Bayern machen. Vllt wachen die Leute irgendwann auf und merken, was sie da fÃ¼r einen inkompetente Partei wÃ¤hlen. Nach den Wahlen ist vor den Wahlen.",7469815871158881558,1739286512,7470178434810020610,0,7469815871158881558
0,Krypto-Investitionen verÃ¤ndern das Leben! Ich habe in 6 Tagen 2.000 â‚¬ in 18.000 â‚¬ verwandelt. Mit der Hilfe von @Erzieher Samuel,7469815871158881558,1739283892,7470167334515409669,0,7469815871158881558
0,#Baxit25 - raus mit Denen,7469815871158881558,1739271767,7470114999681270550,0,7469815871158881558
0,Bayern bereitet sich darauf auch schon vor. Der MVV (MÃ¼nchen) wird seit Monaten kontinuierlich ausgeweitet.,7469815871158881558,1739266688,7470093249597342486,0,7469815871158881558
0,Bayern sollte das Ticket weiter finanzieren. Aber schafft endlich den LÃ¤nderfinanzausgleich ab! Nach Ã¼ber 30 Jahren reicht es langsam.,7469815871158881558,1739264642,7470084333631603478,0,7469815871158881558
0,Well Bayern voted for the csu and the fascists so planting oranges and expecting grapes is wild,7469815871158881558,1739262611,7470075686452134678,0,7469815871158881558
0,"Wer narzisstischen Rechtspopulisten wie Merz und SÃ¶der seine Stimme gibt, will ausdrÃ¼cklich ein schlechteres Leben fÃ¼r 90% der BevÃ¶lkerung.",7469815871158881558,1739259524,7470062271434408726,0,7469815871158881558
0,KÃ¶nnen wir nicht einfach Bayern aus Deutschland werfen? Dann kÃ¶nnen die ihren Kram alleine machen. Und wir hÃ¤tten das Theater mit der SÃ¼dlink nicht,7469815871158881558,1739258088,7470056340828865302,0,7469815871158881558
0,Die SU/DU hier geht mir so krass aufn Sack. ğŸ˜¡,7469815871158881558,1739257653,7470054462816781078,0,7469815871158881558
0,Wenn Bayern immer alles anders machen will dann sollten wir ihnen vielleicht mal anbieten Deutschland zu verlassen. Dann kÃ¶nnen sie ihr eigenes SÃ¼ppchen kochen.,7469815871158881558,1739254225,7470039687508542230,0,7469815871158881558
0,Berlin warnt BayernğŸ¤¦â€â™‚ï¸ğŸ¤¦â€â™‚ï¸ğŸ¤¦â€â™‚ï¸ğŸ¤£ğŸ¤£ğŸ¤£,7469815871158881558,1739219527,7469890875242562326,0,7469815871158881558
