id,like_count,parent_comment_id,reply_count,text,video_id,create_time
7469175317858501398,1,7465036664910400790,0,"Der Herrr Jesus Christus ist Gott, tut BuÃŸe und glaubt an das Evangelium werdet von neuem geboren Johannes 3:3",7465036664910400790,1739052948
7466746848537215766,1,7465036664910400790,0,â¤ï¸â¤ï¸â¤ï¸,7465036664910400790,1738487532
7465584582096995094,1,7465036664910400790,0,â¤ï¸â¤ï¸â¤ï¸â¤ï¸â¤ï¸,7465036664910400790,1738216947
7465584350652171030,1,7465036664910400790,0,â¤ï¸â¤ï¸â¤ï¸â¤ï¸â¤ï¸â¤ï¸,7465036664910400790,1738216939
7465214967357915926,1,7465036664910400790,0,Geiles Spiel ğŸ˜‚ğŸ˜‚ğŸ˜‚,7465036664910400790,1738130901
7465038654982570774,1,7465036664910400790,0,ğŸŒ¹ğŸŒ¹,7465036664910400790,1738089792
7465037957755405078,1,7465036664910400790,1,Ich wÃ¤hle die ğŸ’™ğŸ’™ğŸ’™ğŸ’™ğŸ’™ğŸ’™ğŸ’™ğŸ’™ğŸ’™ğŸ’™ğŸ’™ğŸ’™und nicht die SPD,7465036664910400790,1738089635
7465037404007088918,1,7465036664910400790,0,Frage. Ã¤hh hmm vergessen ğŸ˜‚,7465036664910400790,1738089515
7469741541607867158,0,7465036664910400790,0,â¤ï¸,7465036664910400790,1739184787
7466037508285154070,0,7465036664910400790,0,ğŸ’™ğŸ’™ğŸ’™ğŸ’™ğŸ’™ğŸ’™ğŸ’™ğŸ’™,7465036664910400790,1738322400
7465704257191281430,0,7465036664910400790,0,SPD Nein Danke,7465036664910400790,1738244763
7465350704190833430,0,7465036664910400790,0,"Weg mit diesen SPD. SchÃ¤mt euch wegen euren Kanzler und euren Spitzenpolitikern.
AFD an die Macht ğŸ’™ ğŸ’™ ğŸ’™",7465036664910400790,1738162445
7465190908960637718,0,7465036664910400790,0,SPD unwÃ¤hlbar hier gibt es einen Post von Thilo von der SPD der Kinder obdachlos machen will wenn sie nicht seinen Meinung sind da sieht man das von der SPD Nichts gutes zu erwarten ist,7465036664910400790,1738125516
7464311888467477270,3,7464218808757128470,3,Nur Merz !!,7464218808757128470,1737920586
7464655039081120534,2,7464218808757128470,0,NUR SPD â¤ï¸ğŸ‘,7464218808757128470,1738000466
7464311945694380822,2,7464218808757128470,1,Niemals blau und die linke SPD!,7464218808757128470,1737920598
7464290340100702998,2,7464218808757128470,0,ğŸš£ğŸš£ğŸš£,7464218808757128470,1737915572
7464280888869765910,2,7464218808757128470,0,ğŸ¥°ğŸ¥°ğŸ¥°,7464218808757128470,1737913368
7464220231138378518,2,7464218808757128470,1,Sehr cooles Format,7464218808757128470,1737899238
7464283359561761558,1,7464218808757128470,0,SPD unwÃ¤hlbar!,7464218808757128470,1737913937
7464238758440289046,1,7464218808757128470,2,Gutes Video Niedersachsen trotzdem schÃ¶ner,7464218808757128470,1737903554
7464229164960645910,1,7464218808757128470,3,DeswegenğŸ’™,7464218808757128470,1737901336
7464220621066879766,1,7464218808757128470,3,Nein,7464218808757128470,1737899343
7469742033516315414,0,7464218808757128470,0,â¤ï¸,7464218808757128470,1739184915
7467119196926591766,0,7464218808757128470,0,Sicher nicht Scholz,7464218808757128470,1738574255
7464980520351826710,0,7464218808757128470,0,"Warum ich nicht SPD wÃ¤hle? Weil ich nicht mÃ¶chte, dass unsere Kinder in Parks und auf WeihnachtsmÃ¤rkten abgestochen werden!!",7464218808757128470,1738076266
7464607563385406230,0,7464218808757128470,0,WÃ¤re es nicht besser wenn die Partein der Mitte zusammensetzen wÃ¼rden? Warum baut ihr dann den ganzen Wahlkampf gegen den 2. wichtigsten Partner auf?,7464218808757128470,1737989425
7464254140413182742,0,7464218808757128470,0,es gibt auf tiktok einen Post von Thilo von der SPD der Kinder obdachlos machen will wenn sie nicht seinen Meinung sind da sieht man das von der SPD Nichts gutes zu erwarten ist,7464218808757128470,1737907147
7463509584822862614,4,7463509189059546390,1,Einfach ne 12/10ğŸ«¶ğŸ»,7463509189059546390,1737733808
7463510218191127318,3,7463509189059546390,0,Bestes Outfit!,7463509189059546390,1737733938
7463509987538256662,3,7463509189059546390,3,Ich bin sowas von bereit fÃ¼r dieses Outfit ğŸ™ğŸ»,7463509189059546390,1737733885
7463770674991350550,2,7463509189059546390,0,nie wieder rot,7463509189059546390,1737794611
7463527990880092950,2,7463509189059546390,0,ğŸ˜‚â¤ï¸,7463509189059546390,1737738091
7463515351196959510,2,7463509189059546390,0,SPD ğŸ¥°ğŸ¥°ğŸ¥°,7463509189059546390,1737735124
7463509311483003670,2,7463509189059546390,1,Wie gefÃ¤llt dir das Outfit? ğŸ”¥,7463509189059546390,1737733718
7463629482243736342,1,7463509189059546390,0,ğŸ˜­ğŸ˜‚,7463509189059546390,1737761726
7463583687461913366,1,7463509189059546390,0,ğŸ‘ğŸ‘ğŸ‘,7463509189059546390,1737751041
7463515329963131671,1,7463509189059546390,0,scholz ğŸ¥°ğŸ¥°ğŸ¥°,7463509189059546390,1737735131
7474256374861153046,0,7463509189059546390,0,â¤ï¸â¤ï¸â¤ï¸,7463509189059546390,1740235960
7464149847471358742,0,7463509189059546390,0,Das diese Partei nicht wÃ¤hlbar ist sollte mittlerweile jeder wissen,7463509189059546390,1737882871
7463792273613980438,0,7463509189059546390,0,"Wer jetzt noch der SPD vertraut, den haben sie sein Gehirn geklaut",7463509189059546390,1737799623
7463788737927955222,0,7463509189059546390,0,ğŸ’™ğŸ’™ğŸ’™,7463509189059546390,1737798777
7463219962590364438,4,7463174581298220310,0,"Danke fÃ¼r das Deutschlandticket! Und weiter gehtâ€™s, Ã–PNV stÃ¤rken ğŸ€ğŸ’•",7463174581298220310,1737666356
7463175054474822422,5,7463174581298220310,0,Deutschlandticket muss bleiben ğŸ’ªğŸ» ğŸ’ªğŸ» @SPD,7463174581298220310,1737655889
7463189355814748950,3,7463174581298220310,0,ğŸ’ªğŸ’ªğŸ’ª,7463174581298220310,1737659227
7463771838494393110,1,7463174581298220310,0,nie wieder rot,7463174581298220310,1737794857
7463231512864424726,1,7463174581298220310,0,KÃ¶lle â¤ï¸â¤ï¸â¤ï¸,7463174581298220310,1737669049
7463228674154922774,1,7463174581298220310,0,SPD ğŸ¥°ğŸ¥°ğŸ¥°,7463174581298220310,1737668375
7464155105932854038,0,7463174581298220310,0,Nein danke,7463174581298220310,1737884084
7463778126737572630,0,7463174581298220310,0,Dass man aus der Regierung fliegt nie mehr SPD wÃ¤hlen,7463174581298220310,1737796319
1739097742,7469367750994658070,3,7469337268713540886,0,"WÃ¤re fÃ¼r all das nicht eine starke Wirtschaft Grundvoraussetzung? 3 Jahre Ampel, 3 Jahre kein Wachstum, 3 Mio Arbeitslose. Danke fÃ¼r nix!",7469337268713540886
1739189121,7469760125248307990,1,7469337268713540886,0,â¤ï¸SPD â¤ï¸âœ…ğŸ‡©ğŸ‡ªğŸ™ğŸ‘ğŸŒ¹,7469337268713540886
1739183885,7469737592156226306,1,7469337268713540886,1,"Der Herrr Jesus Christus ist Gott, tut BuÃŸe und glaubt an das Evangelium werdet von neuem geboren (geistlich) Johannes 3:3",7469337268713540886
1744973745,7494605146354254614,0,7469337268713540886,0,Gilt das jetzt auch fÃ¼r den Mitgliederentscheid?,7469337268713540886
1742851191,7485488829446947606,0,7469337268713540886,0,"Die ehemalige DDR stimmt fÃ¼r den Nazismus und die Freundschaft mit Russland â€“ einem Terrorstaat.(afd)
Russisch-sowjetische Propaganda in Aktion.
Wo Russen sind, gibt es Probleme.",7469337268713540886
1739091370,7469340299791385366,0,7469337268713540886,0,ğŸ‘ğŸ‘ğŸ‘,7469337268713540886
1738866578,7468374940866560790,3,7467939440510389526,0,nie wieder rot,7467939440510389526
1738766350,7467944406235955990,2,7467939440510389526,3,"Drei Wochen vor der Wahl, dass ich auf einmal um Stahlberg wo warst du die letzten drei Jahre?",7467939440510389526
1739202851,7469819214103429910,1,7467939440510389526,0,SPD â¤ï¸â¤ï¸ğŸ‘ğŸ‘ğŸ™,7467939440510389526
1739052933,7469175330524218134,1,7467939440510389526,0,"Der Herrr Jesus Christus ist Gott, tut BuÃŸe und glaubt an das Evangelium werdet von neuem geboren Johannes 3:3",7467939440510389526
1738912803,7468573200395436822,1,7467939440510389526,0,nicht wÃ¤hlbar.,7467939440510389526
1738898985,7468512010911040278,1,7467939440510389526,0,Ohne Olaf hÃ¤tten wir jetzt VollbeschÃ¤ftigung volle AuftragsbÃ¼cher und mÃ¼ssten nicht um Standorte diskutieren.,7467939440510389526
1738879916,7468432066776204054,1,7467939440510389526,0,â¤ï¸â¤ï¸â¤ï¸â¤ï¸SPD â¤ï¸â¤ï¸â¤ï¸â¤ï¸ğŸ‡©ğŸ‡ªğŸ‡©ğŸ‡ªğŸ‡©ğŸ‡ªğŸ‡©ğŸ‡ªğŸ‡©ğŸ‡ªğŸ‡©ğŸ‡ªğŸ‡©ğŸ‡ªğŸ‡©ğŸ‡ªğŸ’ªğŸ’ªğŸ’ªğŸ’ªğŸ’ªğŸ‡©ğŸ‡ªğŸ‡©ğŸ‡ªğŸ‡©ğŸ‡ªğŸ‡©ğŸ‡ªğŸ‡©ğŸ‡ªâ¤ï¸â¤ï¸â¤ï¸â¤ï¸â¤ï¸ğŸ’ªğŸ’ªğŸ’ªğŸ’ªğŸ’ªâ¤ï¸â¤ï¸â¤ï¸â¤ï¸â¤ï¸â¤ï¸ğŸ‡©ğŸ‡ªğŸ‡©ğŸ‡ªğŸ‡©ğŸ‡ªğŸ‡©ğŸ‡ªğŸ‡©ğŸ‡ªğŸ‡©ğŸ‡ªğŸ‡©ğŸ‡ªğŸ‡©ğŸ‡ªğŸ‡©ğŸ‡ªğŸ‡©ğŸ‡ªğŸ‡©ğŸ‡ªğŸ‡©ğŸ‡ªâ¤ï¸â¤ï¸â¤ï¸â¤ï¸ğŸ’ªğŸ’ª,7467939440510389526
1738878274,7468425099768202006,1,7467939440510389526,0,"meinem Kanzler, SPD fÃ¼r Deutschland am 23.02.25 wÃ¤hlen bitte Leute â™¥ï¸â™¥ï¸â™¥ï¸",7467939440510389526
1738860607,7468349227292197654,1,7467939440510389526,0,WER WÃ„HLT SCHON SCHWACHKÃ–PFE DIE NICHTS MIT DEUTSCHLAND ANFANGEN KÃ–NNEN,7467939440510389526
1738856415,7468331178942268182,1,7467939440510389526,2,Dieser Mann lÃ¤sst uns bis 70 Jahre arbeiten wo man dann nicht einmal von der Rente leben kann.ğŸ˜ğŸ˜ğŸ˜,7467939440510389526
1738831612,7468224583385350934,1,7467939440510389526,0,Noch 17 Tageâ€¦,7467939440510389526
1738830139,7468218324380336918,1,7467939440510389526,0,Das glaubt doch niemand mehr!,7467939440510389526
1738819015,7468170196692828950,1,7467939440510389526,0,"Das ist FALSCH.
Dein Job ist es die Rahmenbedingungen so zu regeln, dass Einzelne sagen - ""Ich grÃ¼nde eine Firma und schaffe Jobs""
Aber die SPD mÃ¶chte keine Unternehmer. (Besserverdiener)",7467939440510389526
1738797334,7468077200501523222,1,7467939440510389526,0,Hat er morgen vergessen ğŸ¤¦ğŸ»â€â™‚ï¸,7467939440510389526
1738787745,7468036107894031126,1,7467939440510389526,0,Nicht mein Kanzler,7467939440510389526
1738775431,7467983459970581270,1,7467939440510389526,2,"GrÃ¼ner Stahl und hohe Energiepreise sind der TodesstoÃŸ fÃ¼r die eh schon krÃ¤nkelnde deutsche Stahlindustrie. Systemrelevant?
Anscheinend nicht. ğŸ˜",7467939440510389526
1738773230,7467974011579892482,1,7467939440510389526,0,â¤ï¸ğŸ‘ğŸ™,7467939440510389526
1738765551,7467940130088829728,1,7467939440510389526,0,CDUğŸ˜,7467939440510389526
1738765182,7467939411609010966,1,7467939440510389526,0,NatÃ¼rlich gab es auch ein GesprÃ¤ch mit den BetriebsrÃ¤ten von verschiedenen Standorten. @Vertrauensmann tk Steel,7467939440510389526
1740785078,7476614854524568342,0,7467939440510389526,0,ğŸ‘ğŸ‘ğŸ‘,7467939440510389526
1740773187,7476563869712810774,0,7467939440510389526,0,Was Noch wichtiger ist wir das deutsche Vollk will keinen Krieg mehr,7467939440510389526
1740643924,7476008613100716802,0,7467939440510389526,0,ğŸ‘ğŸ‘ğŸ‘,7467939440510389526
1740318752,7474612010097885974,0,7467939440510389526,0,ğŸ¥°ğŸ¥°ğŸ¥°ğŸ¥°ğŸ¥°ğŸ¥°ğŸ¥°ğŸ¥°ğŸ¥°ğŸ¥°ğŸ¥°ğŸ¥°ğŸ¥°ğŸ¥°ğŸ¥°ğŸ¥°ğŸ¥°ğŸ¥°ğŸ¥°ğŸ¥°ğŸ¥°ğŸ¥°ğŸ¥°ğŸ¥°ğŸ¥°,7467939440510389526
1740308221,7474566704649241366,0,7467939440510389526,0,ğŸ’™ğŸ’™ğŸ’™ğŸ’™ğŸ’™ğŸ’™ğŸ’™ğŸ’™ğŸ’™ğŸ’™ğŸ’™,7467939440510389526
1740306882,7474561015162831638,0,7467939440510389526,0,"Wo sind 15 â‚¬ Lohn versprochen haben
An Wort",7467939440510389526
1740306834,7474560766697161494,0,7467939440510389526,0,ğŸ˜‚ğŸ˜‚ğŸ˜‚ğŸ˜‚,7467939440510389526
1740304997,7474552923742257942,0,7467939440510389526,0,"Kriminell der Typ, ab ins Einsperrhaus!!",7467939440510389526
1740301956,7474539749078139670,0,7467939440510389526,0,SPD nur Olaf Scholz ğŸ¥°,7467939440510389526
1740301690,7474538639696839446,0,7467939440510389526,0,ğŸ™ğŸ™ğŸ™ğŸ¤²,7467939440510389526
1740297013,7474518410418225942,0,7467939440510389526,0,"Da kann ich mich nicht mehr dran erinnern, oder Herr Scholz?ğŸ¤·ğŸ»â€â™‚ï¸ğŸ’™ğŸ‘ğŸ’™ğŸ‘ğŸ’™fÃ¼r die Demokratie!ğŸ’¯",7467939440510389526
1740295755,7474513114860700438,0,7467939440510389526,0,Wer hat uns Verraten Sozialdemokraten â˜ğŸ»,7467939440510389526
1740291782,7474495753840821015,0,7467939440510389526,0,â¤ï¸â¤ï¸â¤ï¸â¤ï¸â¤ï¸â¤ï¸SPD,7467939440510389526
1740291318,7474493911621288726,0,7467939440510389526,0,nope,7467939440510389526
1740282053,7474453536471597846,0,7467939440510389526,0,SPD ğŸ¥°â¤ï¸ğŸ’¯,7467939440510389526
1740260567,7474362100249543446,0,7467939440510389526,0,SPD â¤ï¸â¤ï¸âœŒï¸,7467939440510389526
1740258429,7474352877543359234,0,7467939440510389526,0,"Wer es in kleinen Dingen mit der Wahrheit nicht ernst nimmt wie bei der CDU/CSU, und der AFD dem kann man auch in groÃŸen Dingen nicht vertrauen.""â¤ï¸â¤ï¸â¤ï¸â¤ï¸",7467939440510389526
1739085589,7469315381590164246,0,7467939440510389526,0,"Die Lage eines Volkes
Ã¤ndert sich
erst, wenn die Menschen
ihr Inneres
Ã¤ndern.Die Lage eines Volkes
Ã¤ndert sich erst,
wenn es seine innere
Haltung verÃ¤ndert.,
2. Die Leugner und ihre
Konsequenzen",7467939440510389526
1739068854,7469242296489706262,0,7467939440510389526,0,"Eins muss man ihm lassen, er ist der einzige auf der Welt der glaubt, er wird wieder Kanzler.Das zeigt wie intelligent er ist,die Weitsichtigkeit",7467939440510389526
1739065045,7469226857331852054,0,7467939440510389526,0,Der Zwergenkanzler muÃŸ weg ich will Frau Dr Alice Weidel als Kanzlerin ğŸ’™ğŸ’™ğŸ’™ğŸ’™ğŸ’™ğŸ’™ğŸ’™,7467939440510389526
1739032365,7469086927078900502,0,7467939440510389526,0,Olaf du hast fertig ğŸ˜‚ğŸ˜‚ğŸ˜‚ğŸ˜‚,7467939440510389526
1739026181,7469060364186764054,0,7467939440510389526,0,Die SPD hat seit ihrem Bestehen schon zig Mal die Arbeiterklasse verraten und betrogen,7467939440510389526
1739009012,7468986624492946198,0,7467939440510389526,0,der Bundes ğŸ¤¡,7467939440510389526
1739000019,7468947858974098198,0,7467939440510389526,0,ğŸ˜‚,7467939440510389526
1738943438,7468704928678413078,0,7467939440510389526,0,Vor drei Jahren genau das gleiche erzÃ¤hlt und nichts umgesetzt also dieses mal auch nur hohle Phrasen,7467939440510389526
1738940223,7468691252859519766,0,7467939440510389526,0,â¤ï¸â¤ï¸,7467939440510389526
1738934444,7468666307758621463,0,7467939440510389526,0,"â•”â•â•â•â•à¼ºâ€à¼»ğŸ‡©ğŸ‡ªà¼ºâ€à¼»â•â•â•â•â•—
ğŸ’™ğŸ©µğŸ’âœ²ğ—ğ—”ğ—¡ğ—­ğ—Ÿğ—˜ğ—¥ğ—œğ—¡2025âœ²ğŸ’ğŸ©µğŸ’™
â•šâ•â•â•â•à¼ºâ€à¼»ğŸ‡©ğŸ‡ªà¼ºâ€à¼»â•â•â•â•â•
â•”â•â•â•â•à¼ºâ€à¼»ğŸ‡©ğŸ‡ªà¼ºâ€à¼»â•â•â•â•â•—
ğŸ’™ğŸ‡©ğŸ‡ªğŸ•Šï¸Alice fÃ¼r Deutschland ğŸ•Šï¸ğŸ‡©ğŸ‡ªğŸ’™
â•šâ•â•â•â•à¼ºâ€à¼»ğŸ¦…à¼ºâ€à¼»â•â•â•â•â•",7467939440510389526
1738932275,7468656972088247062,0,7467939440510389526,0,der hat noch nie um was kÃ¤mpfen mÃ¼ssen,7467939440510389526
1738926393,7468631625842393878,0,7467939440510389526,0,Niemals SPD,7467939440510389526
1738924874,7468625056929153814,0,7467939440510389526,0,Herr Scholz na dann machen Sie doch bitte ihren Job ğŸ¤®ğŸ¤®ğŸ¤®ğŸ¤®ğŸ¤®ğŸ¤®ğŸ‘ğŸ‘ğŸ‘ğŸ’™ğŸ’™ğŸ’™ğŸ’™ğŸ’™ğŸ’™ğŸ’™ğŸ’™ğŸ’™ğŸ’™ğŸ’™,7467939440510389526
1738923250,7468618027258921750,0,7467939440510389526,0,"Ich habe ein Problem, das ich mir mein Problem erklÃ¤ren wollteğŸ˜­ğŸ˜­ğŸ˜­",7467939440510389526
1738913728,7468577150083515158,0,7467939440510389526,0,nicht mein Kanzler und nicht meine Partei AFD und Alice Weidel sind unsere bessere Zukunft in einer echten Demokratie ğŸ’™,7467939440510389526
1738910931,7468565162868343574,0,7467939440510389526,0,WeiÃŸ nicht was das mit den Altparteien denn eigentlich noch bringen soll??? ğŸ™„ğŸ™„,7467939440510389526
1738908585,7468555253021999894,0,7467939440510389526,0,ğŸ˜‚Cum ex jobs,7467939440510389526
1738908167,7468553275207369494,0,7467939440510389526,0,Nie wieder SPD ğŸ˜ˆ,7467939440510389526
1738898898,7468512331547837206,0,7467939440510389526,0,Olaf kÃ¤mpft um Jobs ? Der will uns verÃ¤ppeln ? Dank Olaf wurden 1 Mio Jobs abgebaut und zur Zrit 10.000 Leute pro Monat entlassen.,7467939440510389526
1738886163,7468458763318690582,0,7467939440510389526,0,ğŸ˜¡ğŸ˜¡ğŸ˜¡ğŸ˜¡ğŸ˜¡ğŸ˜¡,7467939440510389526
1738884321,7468450964148994838,0,7467939440510389526,0,niemals wieder ğŸ˜©ğŸ˜©,7467939440510389526
1738878253,7468425132093342496,0,7467939440510389526,0,AUFPASSEN an MUSK hat eine neue Partei gegrundet Nur rechte Parteien sind dabei !! Er will Europa regieren !!! Es kommt ein Krieg sicherlich !!!,7467939440510389526
1738863017,7468359545033687830,0,7467939440510389526,0,Ach der Herr Baron von MÃ¼nchhausen erzÃ¤hlt uns wieder einer seiner Geschichten,7467939440510389526
1738701725,7467666841936315158,2,7467263032603790614,0,Bob der Baumeister,7467263032603790614
1738608211,7467265264301245206,2,7467263032603790614,0,"Die BrÃ¼cke muss schnell wieder funktionieren, wir zur Currywurst Bude!!",7467263032603790614
1739052942,7469175304386921238,1,7467263032603790614,0,"Der Herrr Jesus Christus ist Gott, tut BuÃŸe und glaubt an das Evangelium werdet von neuem geboren Johannes 3:3",7467263032603790614
1738622373,7467325991703741206,1,7467263032603790614,0,ğŸ‘ğŸ‘ğŸ‘,7467263032603790614
1738607923,7467264030504764182,1,7467263032603790614,0,Was meint ihr: Geld fÃ¼r die Infrastruktur oder weiter sparen?,7467263032603790614
1738682723,7467585170381636374,0,7467263032603790614,3,SPD unwÃ¤hlbar hier auf tiktok gibt es einen Post von Thilo von der SPD der Kinder obdachlos machen will wenn sie nicht seinen Meinung sind da sieht man das von der SPD Nichts gutes zu erwarten ist,7467263032603790614
1738608381,7467265995624301334,0,7467263032603790614,1,Wenn der Wasserkopf gleichzeitig nicht abgebaut wird und Deutschland die BÃ¼rokratie abbaut dann bringt es nichts. Wir haben ein Ausgabenproblem.,7467263032603790614
0,Ich bin fÃ¼r Deutschland und wÃ¤hle ğŸ’™ğŸ’™ğŸ’™ğŸ’™ğŸ’™ğŸ’™ğŸ’™ğŸ’™ğŸ’™ğŸ’™und nicht die SPD,7473084147037408514,1739990051,7473200198933955350,5,7473084147037408514
0,niemals SPD,7473084147037408514,1739979304,7473154086003622678,5,7473084147037408514
0,Nur spdâ™¥ï¸â™¥ï¸â™¥ï¸,7473084147037408514,1739971231,7473119396668637974,3,7473084147037408514
2,Aber nicht mit SPD,7473084147037408514,1739967840,7473104734378394391,4,7473084147037408514
0,Ganz klar! Sonntag SPD wÃ¤hlen ğŸ—³ï¸ğŸŒ¹â¤ï¸,7473084147037408514,1739963135,7473084485044929302,3,7473084147037408514
0,nÃ¶ nÃ¶ nÃ¶ ğŸ™ğŸ’ğŸ’ğŸ’ğŸ’ğŸ’ğŸ’ğŸ’ğŸ™,7473084147037408514,1740027894,7473362149575820054,3,7473084147037408514
1,Niemals SPD,7473084147037408514,1739971269,7473119460280714006,3,7473084147037408514
0,"â•”â•â•â•â•à¼ºâ€à¼»ğŸ‡©ğŸ‡ªà¼ºâ€à¼»â•â•â•â•â•—
ğŸ•Šï¸ğŸ‡©ğŸ‡ªğŸ’™ Alice fÃ¼r Deutschland ğŸ’™ğŸ‡©ğŸ‡ªğŸ•Šï¸â•šâ•â•â•â•à¼ºâ€à¼»ğŸ¦…à¼ºâ€à¼»â•â•â•â•â•",7473084147037408514,1740061016,7473504943883780886,2,7473084147037408514
0,SPD unwÃ¤hlbar hier auf tiktok gibt es einen Post von Thilo von der SPD der Kinder obdachlos machen will wenn sie nicht seinen Meinung sind da sieht man das von der SPD Nichts gutes zu erwarten ist,7473084147037408514,1739973129,7473127519039537942,1,7473084147037408514
0,"Î‘fD'Î™er Î•dwin Î—Ï‹bner behÎ±Ï…ptet, DeÏ…tschlÎ±nd sei in die WeÎ™tkriege ""getrieben"" worden. GeschichtsÎ½erfÃ¤Î™schÏ…ng!? #ÎÎŸÎ±fdâ—ï¸",7473084147037408514,1740076862,7473573030469681942,0,7473084147037408514
0,Beide Stimmen am 23.02.2025 fÃ¼r die AFD ğŸ’™ ğŸ˜‚ğŸ¥°,7473084147037408514,1740055297,7473480392243970838,1,7473084147037408514
0,"niemals SPD, war das alles ğŸ˜‚ğŸ˜‚",7473084147037408514,1740041831,7473422425285690134,1,7473084147037408514
0,Hoffentlich nie wieder grÃ¼n oder rot,7473084147037408514,1739984347,7473175740734112534,1,7473084147037408514
0,ğŸŒ¹ğŸŒ¹ğŸŒ¹ğŸŒ¹,7473084147037408514,1739981627,7473164020423033622,0,7473084147037408514
0,â™¥ï¸â™¥ï¸â™¥ï¸,7473084147037408514,1739972204,7473123574212297494,0,7473084147037408514
0,ğŸ˜±ğŸ˜±ğŸ˜±,7473084147037408514,1739970719,7473117150523523842,0,7473084147037408514
0,"Die SPD hat das beste Programm von allen Parteien, deswegen mÃ¼ssen wir die SPD stÃ¤rken.",7470549324032740631,1739385901,7470605376662389526,3,7470549324032740631
0,ğŸ‘‘ğŸ‘‘ğŸ‘‘,7470549324032740631,1739376882,7470566678792127254,3,7470549324032740631
0,â¤ï¸â¤ï¸â¤ï¸,7470549324032740631,1739376878,7470566679341499158,3,7470549324032740631
0,ğŸŒ¹ğŸŒ¹ğŸŒ¹,7470549324032740631,1739376877,7470566633598599958,3,7470549324032740631
0,"Mit der SPD haben wir gute Arbeitsbedingungen, eine starke Wirtschaft und gute Lebensbedingungen fÃ¼r alle Menschen. Deswegen wÃ¤hle ich die SPD â¤ï¸",7470549324032740631,1739385869,7470605297309500182,2,7470549324032740631
0,â¤ï¸â¤ï¸â¤ï¸â¤ï¸,7470549324032740631,1739376887,7470566656974144278,2,7470549324032740631
0,Die SPD hat seit ihrem Bestehen schon zig Mal die Arbeiterklasse verraten und betrogen,7470549324032740631,1739519351,7471178505183642390,1,7470549324032740631
0,"Wenn man Menschen im normalen Leben mit ehrlicher Politik nicht erreichen kann, muss man sich manchmal eben einen besonders verschwenderischen Mist einfallen lassen, der auÃŸer VerhÃ¤ltnis dazu steht.",7470549324032740631,1740138212,7473836521637380886,0,7470549324032740631
0,â¤ï¸â¤ï¸â¤ï¸,7470549324032740631,1739530860,7471227938017821462,0,7470549324032740631
7,ğŸ’™ğŸ’™ğŸ’™ğŸ’™ğŸ’™ğŸ’™ğŸ’™ğŸ’™ğŸ’™ğŸ’™ğŸ’™Und sind die Herzen grÃ¼n und rot ist die Wirtschaft endlich tot. ğŸ’™ğŸ’™ğŸ’™ğŸ’™ğŸ’™ğŸ’™ğŸ’™ğŸ’™ğŸ’™ğŸ’™ğŸ’™ğŸ’™ğŸ’™ğŸ’™ğŸ’™ğŸ’™ğŸ’™ğŸ’™ğŸ’™ğŸ’™ğŸ’™ğŸ’™ğŸ’™ğŸ’™ğŸ’™ğŸ’™ğŸ’™ğŸ’™ğŸ’™ğŸ’™ğŸ’™ğŸ’™ğŸ’™ğŸ’™ğŸ’™ğŸ’™ğŸ’™ğŸ’™ğŸ’™ğŸ’™ğŸ’™ğŸ’™ğŸ’™ğŸ’™ğŸ’™ğŸ’™ğŸ’™,7470549324032740631,1739450257,7470881745358537494,0,7470549324032740631
0,Mit dem Hofnarr hat sich Herr Scholz ins Abseits geschlossen.,7470549324032740631,1739381403,7470586135053140758,0,7470549324032740631
0,ğŸ’™ğŸ’™ğŸ’™ğŸ’™ğŸ’™ğŸ’™ğŸ’™ğŸ’™ğŸ’™ğŸ’™,7470549324032740631,1739380468,7470582038111912726,0,7470549324032740631
1740314702,7474594627597714198,7,7474579777647545622,2,bekommt ihr geldğŸ˜…ğŸ˜…ğŸ˜…ğŸ˜…ğŸ˜…ğŸ˜…,7474579777647545622
1740312323,7474584323629974295,3,7474579777647545622,0,man beiÃŸt ja nicht die Hand die einen fÃ¼ttertğŸ˜‚ğŸ˜‰,7474579777647545622
1740320554,7474619754234348310,2,7474579777647545622,0,Niemals SPD,7474579777647545622
1740315836,7474599406404436758,2,7474579777647545622,0,Niemals SPD,7474579777647545622
1740315119,7474596390564627222,2,7474579777647545622,0,Wo wart ihr in den letzten 30 Jahren?ğŸ¤”,7474579777647545622
1740312919,7474586940009399062,2,7474579777647545622,4,AfD bereits bei 30% ğŸ‘ğŸ’™ğŸ’™ğŸ’™ğŸ’™,7474579777647545622
1742032591,7481972915103351574,1,7474579777647545622,0,Die SPD ist der Untergang und das Ende fÃ¼r Deutschland,7474579777647545622
1741193364,7478368506292208406,1,7474579777647545622,0,mein beileid,7474579777647545622
1740437247,7475120901189763862,1,7474579777647545622,0,nurğŸ’™ğŸ€,7474579777647545622
1740417524,7475036194184528662,1,7474579777647545622,0,@Fynntendo SPD wie geil ğŸ‘ğŸ¼ğŸ‘ğŸ¼,7474579777647545622
1740377654,7474864661679522582,1,7474579777647545622,0,Mein Beileid,7474579777647545622
1740352877,7474758466146419478,1,7474579777647545622,0,tschÃ¼ss SPD...,7474579777647545622
1740323942,7474634233036571414,1,7474579777647545622,0,"gute Besserung, Ulla",7474579777647545622
1740322290,7474627104921371414,1,7474579777647545622,0,â¤â¤â¤â¤â¤spd,7474579777647545622
1740317232,7474605429663515414,1,7474579777647545622,0,"Ich nicht, ich wÃ¤hle AFD",7474579777647545622
1740313164,7474587937189233430,1,7474579777647545622,0,Viel Geld bekommen die Oma gegen Rechts vom Staat ?,7474579777647545622
1740312873,7474586704587670294,1,7474579777647545622,0,"Gut, dass ich das jetzt weiÃŸ. Spannend und innovativ. Mehr geht nicht.",7474579777647545622
1740311835,7474582270545314582,1,7474579777647545622,0,SPDğŸ™ˆğŸ™ˆğŸ™ˆ neee danke Linke ğŸ«¡ğŸ«¶,7474579777647545622
1746019606,7499097067408327446,0,7474579777647545622,0,ğŸŒ¹ğŸŒ¹ğŸŒ¹,7474579777647545622
1742761841,7485105071153562390,0,7474579777647545622,0,OH WIE SCHLIMM,7474579777647545622
1742737619,7485001033326166806,0,7474579777647545622,0,ğŸ’™ğŸ’™ğŸ’™â€¼ï¸ğŸ’¯â€¼ï¸ğŸ’™ğŸ’™ğŸ’™,7474579777647545622
1742381741,7483472504221680406,0,7474579777647545622,0,Leider schafft sich dich die SPD immer mehr ab und demonstriert sich selbst. Ich hÃ¤tte mir Rot/Rot/GrÃ¼n gewÃ¼nscht entweder am in der Regierung oder der Opposition.,7474579777647545622
1742312522,7483175253075493655,0,7474579777647545622,0,"Zum Teufel mit SPD. Das sind die Faschisten die SPD genau wie die Andere CDU ,CSU , und die Dumme GrÃ¼nnen!",7474579777647545622
1742291557,7483085160624571158,0,7474579777647545622,0,ğŸ˜ˆğŸ˜ˆğŸ˜ˆğŸ˜ˆğŸ˜ˆ,7474579777647545622
1741990266,7481791161725207318,0,7474579777647545622,0,SPD sind auch nur LÃ¼gner. Unser Rentner mÃ¼ssen Hunger. Weil sie jetzt noch weniger haben,7474579777647545622
1741847099,7481176205971751702,0,7474579777647545622,0,"ğŸ˜‚ğŸ˜‚ğŸ˜‚ und mit dem ""Omas gegen rechts"" Sticker ! ğŸ˜‚ğŸ˜‚ğŸ˜‚ Da sieht man den Fluss der Steuergelder ! ğŸ˜¡ğŸ˜¡ğŸ˜¡ğŸ˜¡ Gekaufte Denuzianten ! ğŸ˜¡ğŸ˜¡ğŸ˜¡",7474579777647545622
1741772824,7480857170629755670,0,7474579777647545622,0,Die Korrupte Partei mit den NGOâ€˜s sind kriminell ğŸ˜¡ğŸ˜¡ğŸ˜¡ğŸ˜¡ğŸ˜¡ğŸ˜¡ğŸ˜¡ğŸ˜¡ğŸ˜¡,7474579777647545622
1741548142,7479892273418404630,0,7474579777647545622,0,WÃ¤re noch SPD hÃ¤tte ich in Deutschland bleiben kÃ¶nnen aber leider ist das nicht so und bei diesem neuen Kanzler da wird das gefÃ¤hrlich er mÃ¶chte krieg mit Russland das wegen bin hier in TÃ¼rkei zurÃ¼ck,7474579777647545622
1741449404,7479468161860944662,0,7474579777647545622,0,Niemals diese Partei,7474579777647545622
1740929993,7477237302789587734,0,7474579777647545622,0,"Genosse Lars und Saskia*innen sind das bessere Kanzlerduo ğŸ‘ğŸ‘ğŸ‘ğŸ‘.
Neuwahlen. Dann gewinnt die SPD. Merz RÃ¼cktritt sofort ğŸ‘ğŸ‘ğŸ‘",7474579777647545622
1740643583,7476007135316427542,0,7474579777647545622,0,GlÃ¼ckwunsch ğŸ‘ğŸ‘ğŸ‘,7474579777647545622
1740412580,7475014936327947030,0,7474579777647545622,0,Die SPD hat seit ihrem Bestehen schon zig Mal die Arbeiterklasse verraten und betrogen,7474579777647545622
1740403242,7474974743634395926,0,7474579777647545622,0,Keine Rente mehr fÃ¼r sturre altwÃ¤hleeğŸ˜©ğŸ˜©,7474579777647545622
1740387105,7474905389470728982,0,7474579777647545622,0,ğŸ‘ğŸ‘ğŸ‘ğŸ‘ğŸ‘ğŸ‘ğŸ‘ğŸ‘ğŸ‘ğŸ‘â¤ï¸â¤ï¸â¤ï¸Spd scholzâ¤ï¸â¤ï¸â¤ï¸ğŸ‘ğŸ‘ğŸ‘ğŸ‘ğŸ‘ğŸ‘ğŸ‘ğŸ‘ğŸ‘ğŸ‘ğŸ‘ğŸ‘ğŸ‘ğŸ‘,7474579777647545622
1740383578,7474890312759345942,0,7474579777647545622,0,Wir brauchen gar nicht mehr wÃ¤hlen zu gehn weil es nur manipuliert wird uns fragt e keiner,7474579777647545622
1740360391,7474790344555528982,0,7474579777647545622,1,komme aus Dortmund und wÃ¤hleğŸ’™ğŸ’™ğŸ’™ğŸ’™ğŸ’™,7474579777647545622
1740348103,7474737950653530902,0,7474579777647545622,0,ğŸ’™ğŸ’™ğŸ’™ğŸ’™ğŸ’™ğŸ’ªğŸ’¯ğŸ‘,7474579777647545622
1740340088,7474703665853678358,0,7474579777647545622,0,ach nÃ¶Ã¶Ã¶ lass ma. kommt eh net weiter ğŸ˜„ğŸ˜„ğŸ˜„ğŸ˜„ğŸ˜„,7474579777647545622
1740328389,7474653325080019734,0,7474579777647545622,0,3.5 Jahre versagen werden gleich hoffentlich belohnt und zwar mit dem abrutschen in die Bedeutungslosigkeit,7474579777647545622
1740328267,7474652820739769110,0,7474579777647545622,0,AfD ğŸ’™ğŸ’™ğŸ’™ğŸ’™ğŸ’™ğŸ’™ğŸ’™ğŸ’™ğŸ’™ğŸ’™ğŸ’™ğŸ’™ğŸ’™ğŸ’™ğŸ’™ğŸ’™ğŸ’™ğŸ’™ ğŸ’™ğŸ’™ğŸ’™ğŸ’™ğŸ’™ğŸ’™ğŸ’™ğŸ’™ğŸ’™ğŸ’™ğŸ’™ğŸ’™ğŸ’™ğŸ’™ğŸ’™ğŸ’™ğŸ’™ğŸ’™ ğŸ’™ğŸ’™ğŸ’™ğŸ’™ğŸ’™ğŸ’™ğŸ’™ğŸ’™ğŸ’™ğŸ’™ğŸ’™ğŸ’™ğŸ’™ğŸ’™ğŸ’™ğŸ’™ğŸ’™ğŸ’™ ğŸ’™ğŸ’™ğŸ’™ğŸ’™ğŸ’™ğŸ’™ğŸ’™ğŸ’™ğŸ’™ğŸ’™ğŸ’™ğŸ’™ğŸ’™ğŸ’™ğŸ’™ğŸ’™ğŸ’™ğŸ’™ ğŸ’™ğŸ’™ğŸ’™ğŸ’™ğŸ’™ğŸ’™ğŸ’™ğŸ’™ğŸ’™ğŸ’™ğŸ’™ğŸ’™ğŸ’™ğŸ’™ğŸ’™ğŸ’™ğŸ’™ğŸ’™,7474579777647545622
1740327217,7474648334884946710,0,7474579777647545622,0,tut mir leid fÃ¼r euch,7474579777647545622
1740324593,7474637022139073302,0,7474579777647545622,0,DankeschÃ¶n ğŸ™ğŸ™ğŸ™ğŸ™ğŸ¤²ğŸ¤²ğŸ¤²ğŸ¥°ğŸ¥°ğŸ¥°ğŸ¥°ğŸ¥° GO SPD fÃ¼r immer ğŸ¥°ğŸ¥°ğŸ¥°ğŸ¥°,7474579777647545622
1740322424,7474627732976452374,0,7474579777647545622,0,Wieviel Geld gabs fÃ¼r die Interviews? :-),7474579777647545622
1740322278,7474627096347575062,0,7474579777647545622,0,ğŸ™ˆğŸ™ˆğŸ™ˆğŸ™ˆğŸ˜‚ğŸ˜‚ğŸ˜‚,7474579777647545622
1740322021,7474625981996909334,0,7474579777647545622,0,Ich auch ğŸ¥°ğŸ¥°ğŸ¥°,7474579777647545622
1740322007,7474625912417583894,0,7474579777647545622,0,Super ğŸ¥°ğŸ¥°ğŸ¥°,7474579777647545622
1740321682,7474624542142235414,0,7474579777647545622,0,3 Jahre versagt !!,7474579777647545622
1740320752,7474620548032348950,0,7474579777647545622,0,ğŸ¤£ğŸ¤£ğŸ¤£ğŸ¤£ğŸ¤£ğŸ¤£,7474579777647545622
1740317889,7474608222656725783,0,7474579777647545622,0,ğŸ¤£ğŸ¤£ğŸ¤£ğŸ¤£ğŸ¤£,7474579777647545622
1740316028,7474600236088132374,0,7474579777647545622,0,Um Gottes Willen es gibt sie wirklich noch ....unfassbar,7474579777647545622
1740315786,7474599217018749718,0,7474579777647545622,0,"Das ist gut, demokratische GrÃ¼ÃŸe",7474579777647545622
1740315663,7474598688175538966,0,7474579777647545622,0,"Habt ihr das denn noch immer nicht begriffen, die belÃ¼gen euch, ziehen euch das Geld aus der Tasche und sind fÃ¼r die finanzielle Schieflage in Deutschland verantwortlich.",7474579777647545622
1740315396,7474597527850844950,0,7474579777647545622,0,"SPD hat noch schnell ein Enteignungs Gesetzt verordnet damit man seine Immobilie nicht einfach mal verkaufen kann ,GRASS",7474579777647545622
1740314553,7474593946422493974,0,7474579777647545622,0,Was ğŸ™ˆ,7474579777647545622
1740314364,7474593158974964502,0,7474579777647545622,0,ğŸ˜„ğŸ˜„ğŸ˜„ğŸ˜„7 nur blablabla kommt bei euch raus SPD hat versprochen ihr mindestens auf 15 â‚¬ zu erhÃ¶hen drei Jahre warte ich schon drauf und was ist gekommen nix nur die DiÃ¤ten erhÃ¶hen und LuxushÃ¤user kauf,7474579777647545622
1740313832,7474590742893478689,0,7474579777647545622,0,gut das wir heute AfD gewÃ¤hlt haben hier,7474579777647545622
1740312512,7474585203990922006,0,7474579777647545622,0,ğŸ˜‚ğŸ˜‚ğŸ˜‚ğŸ˜‚ğŸ˜‚,7474579777647545622
1740299728,7474530200744313622,6,7474525281991134486,0,Bin anderer Meinung. Leider 3 Jahre Komplettversagenâ€¼ï¸,7474525281991134486
1740300512,7474533645487801110,3,7474525281991134486,0,SPD ğŸ¥°ich gehe jetzt wÃ¤hlen,7474525281991134486
1740299244,7474528173611336470,3,7474525281991134486,0,SPD â¤ï¸â¤ï¸â¤ï¸ğŸ’¯ğŸ’¯ğŸ’¯,7474525281991134486
1740304222,7474549556656210710,2,7474525281991134486,0,Ich bin der Marvin und ich wÃ¼rde auch meine drittstimme der SPD geben. (Wenn ich eine hÃ¤tte.),7474525281991134486
1740300015,7474531494015320854,2,7474525281991134486,0,"Ja klar, und den Krieg in der Ukraine unterstÃ¼tzt ihr auch.",7474525281991134486
1740300329,7474532773673485078,1,7474525281991134486,2,Heute ist Blauwahltag ğŸ˜‚ ğŸ’™ğŸ’™ğŸ’™ğŸ’™,7474525281991134486
1740299990,7474531362503246614,1,7474525281991134486,0,Nein danke ğŸ’™ğŸ’™ğŸ’™ğŸ’ª,7474525281991134486
1740299850,7474530768816374550,1,7474525281991134486,0,ğŸ’™ğŸ’™ğŸ’™ğŸ’™,7474525281991134486
1740328963,7474655808854459158,0,7474525281991134486,0,Die SPD ist keine GroÃŸpartei.,7474525281991134486
1740316013,7474600168198996758,0,7474525281991134486,0,Niemals SPD,7474525281991134486
1740304665,7474551465567601430,0,7474525281991134486,0,â¤ï¸â¤ï¸â¤ï¸â¤ï¸â¤ï¸,7474525281991134486
1740303845,7474547890884657942,0,7474525281991134486,0,ğŸ’™ğŸ’™ğŸ’™,7474525281991134486
1740301485,7474537735673398038,0,7474525281991134486,0,Die Stimme des Volkes hÃ¶rt nur die AfD. Die tatsÃ¤chlich einzige noch wÃ¤hlbare demokratische Partei ğŸ‘ğŸ’™ğŸ’™ğŸ’™ğŸ‡©ğŸ‡ª,7474525281991134486
1740301283,7474536841163080470,0,7474525281991134486,0,ğŸ¤£ğŸ¤£ğŸ¤£,7474525281991134486
1740300787,7474534731067097878,0,7474525281991134486,0,nur noch AFD,7474525281991134486
1740300697,7474534386848350998,0,7474525281991134486,0,Nur die Linke hÃ¤lt Versprechen und sorgt fÃ¼r gÃ¼nstigen Wohnraum ğŸ©· #nachderampellinks,7474525281991134486
1740300569,7474533793481491202,0,7474525281991134486,0,ğŸ’™ğŸ’™ğŸ’™,7474525281991134486
1740300227,7474532308093289238,0,7474525281991134486,0,Man sieht es ihnen immer an,7474525281991134486
1740300154,7474532041699836694,0,7474525281991134486,0,ğŸ˜‚ğŸ˜‚ğŸ˜‚ğŸ˜‚ğŸ˜‚ğŸ˜‚,7474525281991134486
1740299463,7474529133310116630,0,7474525281991134486,0,warum seht ihr alle gleich aus,7474525281991134486
1740267487,7474391681397261078,51,7474322880520539414,2,Zum GlÃ¼ck darf sie nicht wÃ¤hlen,7474322880520539414
1740290320,7474489573914100502,12,7474322880520539414,0,Nie wieder SPD,7474322880520539414
1740294465,7474507365725225750,8,7474322880520539414,0,Niemals,7474322880520539414
1740315561,7474598214452052738,7,7474322880520539414,0,Niemals SPD,7474322880520539414
1740255074,7474338513367221014,6,7474322880520539414,0,Nur Blau,7474322880520539414
1742050792,7482051103673860886,5,7474322880520539414,0,Die SPD ist der grÃ¶ÃŸte Dreck fÃ¼r Deutschland siehe 3jahre Scholz,7474322880520539414
1740370562,7474833531832894230,5,7474322880520539414,0,Niemals wieder SPD â˜ğŸ»,7474322880520539414
1740258693,7474354020825203478,5,7474322880520539414,1,Nur die SPDâ¤ï¸,7474322880520539414
1741309440,7478866879130682134,4,7474322880520539414,0,Absolut nicht wÃ¤hlbar,7474322880520539414
1740905237,7477130994605261590,4,7474322880520539414,0,"Gut, dass die noch nicht wÃ¤hlen darf",7474322880520539414
1741365025,7479105763475718934,3,7474322880520539414,0,Nein tun sie nicht ğŸ™ˆ,7474322880520539414
1740997729,7477528221229318934,2,7474322880520539414,0,"ğŸ¤£ğŸ¤£ğŸ¤£ Werdet ihr bezahlt??
Unsere Rente wurde gekÃ¼rzt.
SPD ist nicht mehr wÃ¤hlbar.",7474322880520539414
1740687973,7476197842254005014,2,7474322880520539414,0,"Ich bin Arbeiter ,seit 45 Jahren und ich sehe es anders ! FÃ¼r uns tut die SPD schon lange nichts mehr ğŸ¥º",7474322880520539414
1740483616,7475319965915988758,2,7474322880520539414,0,ğŸ¤£ğŸ¤£ğŸ¤£ hat ja super geklappt ğŸ‘ğŸ‘ğŸ‘,7474322880520539414
1740260089,7474359971012363030,2,7474322880520539414,1,warum wurden dann die Wahlen vorgezogen ğŸ¤”?,7474322880520539414
1740251768,7474324290193294102,2,7474322880520539414,0,"halt doch deinen Mund, werd erstmal Erwachsen, Ã¼berhaupt Propaganda zu machen ist eine Schweinerei",7474322880520539414
1742284245,7483053712384115478,1,7474322880520539414,0,Wer hat uns verraten die Sozialdemokraten,7474322880520539414
1741760327,7480803558494094102,1,7474322880520539414,0,"SPD war frÃ¼her eine Arbeitspartei.Jetzt sind sie stark nach links gerutscht.Dann die Steuergelder fÃ¼r Demos gegen Rechts, Omas gegen Rechts eingesetzt.Steuergelder veruntreut. UnwÃ¤hlbar.",7474322880520539414
1741713223,7480601276343534358,1,7474322880520539414,0,Selten so gelacht....ğŸ˜‚ğŸ˜‚ğŸ˜‚,7474322880520539414
1741673099,7480428873428812566,1,7474322880520539414,0,niemals wÃ¤hle ich wieder die SPD,7474322880520539414
1741349181,7479037662752588566,1,7474322880520539414,0,ğŸ˜‚ğŸ˜‚ğŸ˜‚ğŸ˜‚ğŸ˜‚ğŸ˜‚,7474322880520539414
1741184373,7478329868540134166,1,7474322880520539414,0,Zum GlÃ¼ck darf die noch nicht wÃ¤hlen. niemals SPD,7474322880520539414
1741018372,7477616909933708054,1,7474322880520539414,0,"Wir sehen ja, wo Deutschland steht! Ganz toll",7474322880520539414
1741002803,7477550027406377750,1,7474322880520539414,0,"Sie arbeitet noch nicht, aber Weiss was die spd mit Arbeitern zu tun hat!!!! Aua",7474322880520539414
1740816288,7476748907600790294,1,7474322880520539414,0,"Klar...weil die SPD ihr historisch schlechtestes Wahlergebnis eingefahren hat, wÃ¤hlt man sie wieder.Die Steuereinnahmen sprudeln, wÃ¤hrend die Steuerzahler immer Ã¤rmer werden.",7474322880520539414
1740552381,7475615260889285398,1,7474322880520539414,0,Haben wir die letzten 3 Jahre gesehen ğŸ¤£ğŸ¤£ğŸ¤£,7474322880520539414
1740482557,7475315440441819926,1,7474322880520539414,0,Ja das haben wir ja die letzten Jahre gesehen ğŸ˜‚ğŸ˜‚ğŸ˜‚ğŸ˜‚ğŸ˜‚ğŸ˜‚,7474322880520539414
1740453753,7475191034151224086,1,7474322880520539414,1,Nur die SPD kann Deutschland retten,7474322880520539414
1740432528,7475100656917136150,1,7474322880520539414,0,Zumindest erzÃ¤hlen sie wÃ¼rden etwas Gutes tunğŸ˜‚ğŸ˜‚ğŸ˜‚,7474322880520539414
1740314478,7474593645576995606,1,7474322880520539414,0,Bis sie wÃ¤hlen darf gibt es die SPD nicht mehrğŸ¤”ğŸ¤”ğŸ¤”ğŸ˜‰ğŸ˜‰ğŸ˜‰,7474322880520539414
1740296935,7474518198818521878,1,7474322880520539414,0,"â•”â•â•â•â•à¼ºâ€à¼»ğŸ’–à¼ºâ€à¼»â•â•â•â•â•—
*ğŸš©ğŸŒˆğŸ’—âœ¨âœ²DieLinkeâœ²âœ¨ğŸ’—ğŸŒˆğŸš©*
â•šâ•â•â•â•à¼ºâ€à¼»ğŸ’–à¼ºâ€à¼»â•â•â•â•â•",7474322880520539414
1740270539,7474404669466428182,1,7474322880520539414,0,Das war einmal,7474322880520539414
1740262051,7474368432374579991,1,7474322880520539414,0,FÃ¼r Krieg und keine Renten spd wÃ¤hlen ğŸ‘,7474322880520539414
1740261342,7474365421274383126,1,7474322880520539414,2,Beide Stimmen am 23.2 fÃ¼r die SPD â¤ï¸â¤ï¸,7474322880520539414
1740252948,7474329398599107350,1,7474322880520539414,3,"Ich wÃ¤hle keine LÃ¼gner und Hetzer, also sind die Spezialdemokraten raus â€¼ï¸",7474322880520539414
1742807846,7485302644937032470,0,7474322880520539414,0,ğŸ¤£ğŸ¤£ğŸ¤£ğŸ¤£ ich lach mich kaputt,7474322880520539414
1742804989,7485290365634085654,0,7474322880520539414,0,Die 551 Fragen zu den NGOs gibt es da schon ein Ergebnis,7474322880520539414
1742797176,7485256817351099158,0,7474322880520539414,0,ğŸ¤£ğŸ¤£ğŸ¤£ğŸ¤£ğŸ¤£ğŸ¤£ğŸ¤£ğŸ¤£ğŸ¤£ğŸ¤£ğŸ¤£ğŸ¤£ğŸ¤£,7474322880520539414
1742790073,7485226181048599319,0,7474322880520539414,0,Gute Besserung ğŸ˜‚,7474322880520539414
1742754778,7485074739851002646,0,7474322880520539414,0,AFD forever,7474322880520539414
1742719798,7484924499981861654,0,7474322880520539414,0,nazi Partei die SPD,7474322880520539414
1742622021,7484504459692147478,0,7474322880520539414,0,ğŸ˜‚ğŸ˜‚ğŸ˜‚ğŸ˜‚ğŸ˜‚ğŸ˜‚ğŸ˜‚null sozial,7474322880520539414
1742547049,7484182488191238934,0,7474322880520539414,0,ğŸ’™ğŸ’™ğŸ’™,7474322880520539414
1742540455,7484154208670106390,0,7474322880520539414,0,"omg, ğŸ˜¡ğŸ˜¡ğŸ˜¡",7474322880520539414
1742471705,7483858904042455830,0,7474322880520539414,0,Weil Mutti das sagt,7474322880520539414
1742390625,7483510665401025302,0,7474322880520539414,0,"Solange der Bauch prall und rund ist, kann alles so weitergehen mit der SPD ğŸ˜‰",7474322880520539414
1742314495,7483183717876990742,0,7474322880520539414,0,Da wirst du sehen wie die dafÃ¼r einsetzen ğŸ˜‚ğŸ˜‚ab heute geht nicht weiter bergab...,7474322880520539414
1742292652,7483089831804830486,0,7474322880520539414,0,ğŸ˜‚ğŸ˜‚ğŸ˜‚ğŸ˜‚ğŸ˜‚ğŸ˜‚,7474322880520539414
1742248149,7482898746222953238,0,7474322880520539414,0,hat man gesehenğŸ˜‚ğŸ˜‚ğŸ˜‚,7474322880520539414
1742024355,7481937547971969814,0,7474322880520539414,0,"werden wir sehen wie sozial SPD ist, wenn die Regierung gebildet ist mit cdu, dann sehen wir ob Arbeitslose wieder schikaniert werden oder nichtğŸ˜",7474322880520539414
1741938383,7481568263630832406,0,7474322880520539414,0,ğŸ˜…ğŸ˜…ğŸ˜…,7474322880520539414
1741852102,7481197679551283970,0,7474322880520539414,0,"An der SPD kann man sehen, dass Sozialismus immer im Kommunismus landet, der Abstand zu Links wird immer kleiner, die Diktatur ruft.",7474322880520539414
1741841168,7481150558679679766,0,7474322880520539414,0,Mein beileid....,7474322880520539414
1741806440,7481001630101881622,0,7474322880520539414,0,die SPD waren sind und werden nie auf meinem Wahlzettel stehen,7474322880520539414
1741803699,7480989849824461590,0,7474322880520539414,0,"Das war meine Arbeiter vorbei doch jetzt schon lange nicht mehr. Ãœberleg doch mal, die waren dran Wirtschaftskrise, Rentner Armut, die Gelder wurden verschwunden. Schulen gehen kaputt. Vergiss es",7474322880520539414
1741793430,7480945745262068502,0,7474322880520539414,0,AFD ist unsere bessere Zukunft.,7474322880520539414
1741519617,7479769753574343446,0,7474322880520539414,0,AfD lÃ¼gt nicht wie der LÃ¼genkanzler und LÃ¼genpresse ğŸ’™ğŸ’™ğŸ’™,7474322880520539414
1741195725,7478378636979372822,0,7474322880520539414,0,ğŸ˜‚ğŸ˜‚ğŸ˜‚ğŸ˜‚,7474322880520539414
1741181104,7478315824261694230,0,7474322880520539414,0,ğŸ˜‚ğŸ˜‚ğŸ˜‚,7474322880520539414
1741157279,7478213481964405527,0,7474322880520539414,0,"Ich bin der Jack und ich hÃ¤tte SPD gewÃ¤hlt, wenn Scholz die Eier von Merz gehabt hÃ¤tte âœŒï¸",7474322880520539414
1741130807,7478099790866268950,0,7474322880520539414,0,"Nein, das macht sie nicht! Sie versprechen viel aber halten nix",7474322880520539414
1741101498,7477973933195805462,0,7474322880520539414,0,ğŸ’™ğŸ’™ğŸ’™ğŸ’™ğŸ’™,7474322880520539414
1741094007,7477941728328221462,0,7474322880520539414,0,ğŸ¤£,7474322880520539414
1741089324,7477921615914451734,0,7474322880520539414,0,ğŸ¤¦â€â™€ï¸ğŸ¤¦â€â™€ï¸ğŸ¤¦â€â™€ï¸,7474322880520539414
1741082481,7477892221292217110,0,7474322880520539414,0,Die ruinieren die Unternehmen!! Deshalb CDU,7474322880520539414
1741050587,7477755142968935190,0,7474322880520539414,0,Kurrupte Bande,7474322880520539414
1741030450,7477668787724108566,0,7474322880520539414,0,Nein AFD,7474322880520539414
1741002880,7477550340339843862,0,7474322880520539414,0,schlechteste Rente europaweit warum?,7474322880520539414
1741000676,7477540883500663574,0,7474322880520539414,0,"Das war mal MÃ¤del, das endete aber mit Gerd SchrÃ¶der, seitdem ist die SpD die schlechtere CdU",7474322880520539414
1740992131,7477504141138150166,0,7474322880520539414,0,ğŸ˜‚ğŸ˜‚ğŸ˜‚,7474322880520539414
1740992082,7477503956982694678,0,7474322880520539414,0,ğŸ˜‚ğŸ˜‚ğŸ˜‚ğŸ˜‚ğŸ˜‚ğŸ¤¦,7474322880520539414
1740990784,7477498397256286998,0,7474322880520539414,0,Bitte nicht,7474322880520539414
1740986949,7477481852218639106,0,7474322880520539414,0,davon habe ich aber die letzten drei Jahre nichts gemerkt,7474322880520539414
1740983018,7477464972374622998,0,7474322880520539414,0,Korupteste Partei,7474322880520539414
1740981790,7477459687010386710,0,7474322880520539414,0,ğŸ¤£ğŸ¤£ğŸ¤£ğŸ¤£ğŸ¤£,7474322880520539414
1740979601,7477450269245899522,0,7474322880520539414,0,"Gott sei Dank...Schade das alle die RealitÃ¤t wieder nich erkennen, und SPD wÃ¤hlen, die die Rente gefÃ¤hrden",7474322880520539414
1740953085,7477336487190938390,0,7474322880520539414,0,zim GlÃ¼ck habe ich schon KurzArbeit,7474322880520539414
1740937319,7477268795938587414,0,7474322880520539414,0,lieber nicht,7474322880520539414
1740914925,7477172611396076310,0,7474322880520539414,0,"ğŸ˜‚ğŸ˜‚ğŸ˜‚ ich lach mich kaputt,",7474322880520539414
1740908727,7477145994065429270,0,7474322880520539414,0,#ichwÃ¤hledieSPD â¤ï¸,7474322880520539414
1740906774,7477137594745537302,0,7474322880520539414,0,Kein Arbeiter wÃ¤hlt mehr SPD! ğŸ˜‚,7474322880520539414
1740823278,7476778846445814560,0,7474322880520539414,0,nee Danke ğŸ’™ğŸ’™,7474322880520539414
1740810170,7476722062967653152,0,7474322880520539414,0,Ich bin Beutefix und werde immer wieder AfD wÃ¤hlen ğŸ˜‰ğŸ’™,7474322880520539414
1740686988,7476193616337306390,0,7474322880520539414,0,Warum sieht man das euch anğŸ˜‚ğŸ˜‚ğŸ˜‚,7474322880520539414
1740684686,7476183756412945174,0,7474322880520539414,0,Das haben wir in den letzten Jahren gesehen ğŸ¤£ğŸ¤£ğŸ¤£ğŸ¤£,7474322880520539414
1740667192,7476108606266573590,0,7474322880520539414,0,O Gott,7474322880520539414
1740640924,7475995703913054998,0,7474322880520539414,0,3 mal NEIN,7474322880520539414
1740601217,7475825165235929878,0,7474322880520539414,0,"nach nunmehr 40 Jahren Erfahrung, muss ich dir leider sagen nein tut sie nicht.",7474322880520539414
1740595276,7475799647368250114,0,7474322880520539414,0,nÃ¶ ! Nur noch AFD,7474322880520539414
1740584145,7475751836289745686,0,7474322880520539414,0,Schon lange nicht mehr,7474322880520539414
1740572260,7475700755081855766,0,7474322880520539414,0,Wo wart ihr die letzten 3 Jahre,7474322880520539414
1740554069,7475622456708875030,0,7474322880520539414,0,Wann wollen sie dann damit anfangen ? ğŸ˜…,7474322880520539414
1740552169,7475614267598979862,0,7474322880520539414,0,War die SPD nicht die letzten 4 Jahre Teil der Regierung? Und wo hat die Ampel D hingefÃ¼hrt? Sorry aber fÃ¼r mich ist die SPD unwÃ¤hlbar.,7474322880520539414
1740514466,7475452545345291030,0,7474322880520539414,0,SPD Sie plÃ¼ndern deutsche,7474322880520539414
1740484206,7475322577515381526,0,7474322880520539414,0,"schÃ¶n Abgeschmiert
Ampelversager ğŸ˜¡ğŸ˜¡ğŸ˜¡",7474322880520539414
1740483365,7475318967947723542,0,7474322880520539414,0,"die SPD hat eine Besteuerung der Rente durchgesetzt, dass ist ein Novum in der BRD und ein absoluter Vertrauensbruch",7474322880520539414
1740473368,7475275985328816918,0,7474322880520539414,0,ğŸ˜‚,7474322880520539414
1740469930,7475261207461774102,0,7474322880520539414,0,kaputt.......,7474322880520539414
1740456296,7475201867896128278,0,7474322880520539414,0,Mein Nachbar ist Alfred Tetzlaf. Und das ist gut so.,7474322880520539414
1740441702,7475139778154414870,0,7474322880520539414,0,ğŸ¤©ğŸ’™,7474322880520539414
1740432649,7475101118500455190,0,7474322880520539414,0,15 Euro Mindestlohn kostet dem Arbeitgeber 22 Euro die Stunde. Damit es sich fÃ¼r die Firma wirtschaftlich lohnt muss der arbeiten 45 Euro plus erwirtschaften. Das ist die RealitÃ¤t ğŸ˜‚ğŸ˜‚ğŸ˜‚,7474322880520539414
1740352448,7474756597785953026,0,7474322880520539414,0,hat ja nicht ganz geklappt... ach nee war ja historisch schlecht... grÃ¼ÃŸe vom Arbeiter,7474322880520539414
1740342823,7474715355275625238,0,7474322880520539414,0,Und warum wurde der Betrag fÃ¼r einen Rentenpunkt um 11 Prozent erhÃ¶ht? Das das kleine MÃ¤dchen mehr Rente bekommt?,7474322880520539414
1740321685,7474624515228009238,0,7474322880520539414,0,Wieso dÃ¼rfen Kinder wÃ¤hlen ğŸ˜¡ verboten ğŸ˜¡,7474322880520539414
1740320851,7474621008750936854,0,7474322880520539414,0,Ach ist doch 2mal blau geworden,7474322880520539414
1740315451,7474597812026950422,0,7474322880520539414,0,nein,7474322880520539414
1740310704,7474577389168575254,0,7474322880520539414,0,Ach SÃ¼ÃŸ! Kinder die keinen Plan vom Leben haben indoktrinieren!ğŸ’™ğŸ’™ğŸ’™ğŸ’™,7474322880520539414
1740307688,7474564422033097494,0,7474322880520539414,0,ğŸ’™ğŸ’™ğŸ’™ğŸ’™ğŸ’™ğŸ’™ğŸ’™ğŸ’™ğŸ’™ğŸ’™ğŸ’™ğŸ’™ğŸ’™,7474322880520539414
1740304829,7474552190578066198,0,7474322880520539414,0,nur noch AFD ğŸ‘ğŸ’™ğŸ‘,7474322880520539414
1740304437,7474550480776004374,0,7474322880520539414,0,Sehr gut,7474322880520539414
1740302110,7474540457814295318,0,7474322880520539414,0,Wer diese SOZIS wÃ¤hlt hat vÃ¶llig den Bezug zur RealitÃ¤t verloren âš ï¸,7474322880520539414
1740301244,7474536776838152983,0,7474322880520539414,0,Was issen des jetzt ğŸ«£ğŸ«£ğŸ«£,7474322880520539414
1740300981,7474535620825137942,0,7474322880520539414,0,ğŸ‘ğŸ‘ğŸ‘ğŸ‘ğŸ‘â¤ï¸â¤ï¸â¤ï¸Spd scholz â¤ï¸â¤ï¸â¤ï¸ğŸ‘ğŸ‘ğŸ‘ğŸ‘ğŸ‘ğŸ‘ğŸ‘ğŸ‘ğŸ‘ğŸ‘ğŸ‘ğŸ‘,7474322880520539414
1740300669,7474534298289767170,0,7474322880520539414,0,"""Sozialem"" sagt einiges Ã¼ber die Bildung der jungen Frau",7474322880520539414
1740298292,7474524029102867222,0,7474322880520539414,0,ğŸ’™ğŸ’™ğŸ’™,7474322880520539414
1740292465,7474498922489070358,0,7474322880520539414,0,ğŸ’™ğŸ’™ğŸ’™,7474322880520539414
1740292045,7474496822163473174,0,7474322880520539414,0,â¤ï¸â¤ï¸â¤ï¸SPD,7474322880520539414
1740287786,7474478540671435542,0,7474322880520539414,0,Die SPD hat seit ihrem Bestehen schon zig Mal die Arbeiterklasse verraten und betrogen,7474322880520539414
1740284393,7474463234067940118,0,7474322880520539414,0,ğŸ˜‚ğŸ˜‚ğŸ˜‚ğŸ˜‚ğŸ˜‚ğŸ˜‚ğŸ˜‚ğŸ˜‚ğŸ˜‚,7474322880520539414
1740267016,7474389650855133974,0,7474322880520539414,0,Dachte ich mir doch! ğŸ˜‰,7474322880520539414
1740262383,7474369813047460630,0,7474322880520539414,0,Dieser eine Kanzler dem kÃ¼rzlich das Vertrauen entzogen wurde um sich nun erneut als Kanzlerkandidat aufstellen zu lassen ğŸ¤£hat er bestimmt nur schon wieder vergessen ğŸ¤£ğŸ¤£unser Herr Cumex ğŸ¤£ğŸ¤£,7474322880520539414
1740261742,7474367059935609622,0,7474322880520539414,0,Arbeiter...ğŸ˜‚ğŸ˜‚ğŸ˜‚,7474322880520539414
1740261615,7474366587227980566,0,7474322880520539414,0,Das habt ihr aber schÃ¶n auswendig gelernt,7474322880520539414
1740261206,7474364775201719062,0,7474322880520539414,0,ğŸ’™ğŸ’™ğŸ’™ğŸ’™ğŸ’™ğŸ’™ğŸ’™,7474322880520539414
1740260984,7474363863061463830,0,7474322880520539414,0,"Gott sei Dank das du noch nicht wÃ¤hlen darfst,habt ihr wirklich die letzten Jahre der SPD Regierungen verggessen",7474322880520539414
1740259512,7474357518132658966,0,7474322880520539414,0,Wie naiv!?,7474322880520539414
1740258671,7474353940289930006,0,7474322880520539414,1,die SPD ist seit 1948 von den GroÃŸkonzernen systematisch mit spenden gekauft worden deswegen ist sie die reichste Partei und kann sich eine ganze Armee von berufsprotestanten mit Steuergeld finanzier,7474322880520539414
1740256355,7474344013680919318,0,7474322880520539414,0,SPDâ¤â¤â¤â¤,7474322880520539414
1740254605,7474336454862340886,0,7474322880520539414,0,Ein glÃ¼ck ğŸ˜‚ğŸ˜‚ğŸ˜‚ğŸ˜‚...ğŸ’™ğŸ’™ğŸ’™ğŸ’™ğŸ’™ğŸ’™ğŸ’™ğŸ’™ğŸ’™ğŸ’™,7474322880520539414
1740253530,7474331892671005462,0,7474322880520539414,0,"Nein, in den letzten Jahren waren sie doch im Amt und es wurde immer schlechter. Energie teurer, Infrastruktur baulich kaputt gespart, Inflation hoch, Rente niedrig u.s.w.",7474322880520539414
1740253377,7474331197125624598,0,7474322880520539414,0,"Achtung, Fake News",7474322880520539414
1740252282,7474326478374699798,0,7474322880520539414,0,Nur die AfD ğŸ’™ğŸ’™ğŸ’™wÃ¤hlen,7474322880520539414
1740252161,7474325954933932822,0,7474322880520539414,0,ğŸŒ¹ğŸ’¯,7474322880520539414
1740252035,7474325426975851286,0,7474322880520539414,0,hat Papa gesagt !,7474322880520539414
1740251721,7474324124123448086,0,7474322880520539414,0,ğŸ˜‚ğŸ˜‚ğŸ˜‚ğŸ˜‚ğŸ˜‚ğŸ˜‚ğŸ˜‚ğŸ˜‚ğŸ˜‚,7474322880520539414
1742712306,7484892271629861654,0,7474322880520539414,0,Alles ImpfschÃ¤den ğŸ˜…ğŸ˜…ğŸ˜‚,7474322880520539414
1741023651,7477639574673507094,0,7474322880520539414,0,Olaf??? Ihr habt doch nicht mehr alle latten am zaun,7474322880520539414
1740226130,7474214160130491158,6,7474211905079446806,1,ğŸ˜‚ so wie die SPD regiert haben wir bald alle keine Zukunft mehr,7474211905079446806
1740242613,7474284968513323798,1,7474211905079446806,0,"â•”â•â•â•â•à¼ºâ€à¼»ğŸ‡©ğŸ‡ªà¼ºâ€à¼»â•â•â•â•â•—
ğŸ•Šï¸ğŸ‡©ğŸ‡ªğŸ’™ Alice fÃ¼r Deutschland ğŸ’™ğŸ‡©ğŸ‡ªğŸ•Šï¸â•šâ•â•â•â•à¼ºâ€à¼»ğŸ¦…à¼ºâ€à¼»â•â•â•â•â•",7474211905079446806
1740242598,7474284843708547862,1,7474211905079446806,0,"â—¢ğŸ‡©ğŸ‡ªâ—£Â Â Â Â Â Â Â Â Â Â Â  â—¢ğŸ‡©ğŸ‡ªâ—£
ğŸ’™ğŸ’™ğŸ’™â—£ â—¢ğŸ’™ğŸ’™ğŸ’™
â—¥ğŸ’™ğŸ’™ğŸ’™ğŸ’™ğŸ’™ğŸ’™â—¤
Â Â Â  â—¥ğŸ’™ğŸ’™ğŸ’™ğŸ’™â—¤
Â Â Â Â Â Â Â Â Â â—¥ğŸ’™ğŸ’™â—¤
Â Â Â Â Â Â Â Â Â Â Â Â Â â—¥ â—¤",7474211905079446806
1740229784,7474229857095222038,1,7474211905079446806,0,"1863 keine Zusammenarbeit mit Nazis, 1933 keine Zusammenarbeit mit Nazis und auch heute nicht!",7474211905079446806
1740229505,7474228590156350230,1,7474211905079446806,0,ich auch,7474211905079446806
1740226871,7474217353367323414,1,7474211905079446806,0,ğŸ¥°ğŸ¥°ğŸ¥°ich auch,7474211905079446806
1741974798,7481724719592473366,0,7474211905079446806,0,Ihr macht Schulden auf kosten unserer Kinder ğŸ˜¡ğŸ˜¡ğŸ˜¡,7474211905079446806
1740323278,7474631390887019286,0,7474211905079446806,0,ğŸ¥°ğŸ¥°ğŸ¥°ğŸ¥°ğŸ¥°ğŸ¥°,7474211905079446806
1740322251,7474626969898025750,0,7474211905079446806,0,"Da kann ich mich nicht mehr dran erinnern, oder Herr Scholz?ğŸ¤·ğŸ»â€â™‚ï¸ğŸ‘ğŸ’™ğŸ’™ğŸ’™ğŸ’™ğŸ‘fÃ¼r die Demokratie!ğŸ’¯ Achtung Feigenblatt!! ğŸ‘€",7474211905079446806
1740315427,7474597640019657494,0,7474211905079446806,0,Sorry die denken falsch,7474211905079446806
1740304324,7474550000359047958,0,7474211905079446806,0,â¤ï¸â¤ï¸â¤ï¸â¤ï¸â¤ï¸â¤ï¸,7474211905079446806
1740256766,7474345752530830102,0,7474211905079446806,0,"SPD SPD SPD SPD SPD
SPD SPD SPD SPD SPD
SPD SPD SPD SPD SPD
SPD SPD SPD SPD SPD
SPD SPD SPD SPD SPD",7474211905079446806
1740249129,7474312896077923094,0,7474211905079446806,0,Auch SPDğŸ¥°ğŸ¥°ğŸ¥°,7474211905079446806
1740246235,7474300558728463126,0,7474211905079446806,0,"Haha, Schulden machen auf Kosten der Jugend, das will die SPD. Sie mÃ¼ssen es spÃ¤ter in Form von Steuern und Abgaben bezahlen. Verstehen Sie das nicht?",7474211905079446806
1740244952,7474294963691045664,0,7474211905079446806,0,Bitte nicht die SPD was habt ihr nicht verstanden!!!!!ğŸ˜©,7474211905079446806
1740244734,7474294004953645846,0,7474211905079446806,0,Klar â€¦. ğŸ˜‚,7474211905079446806
1740242582,7474284797293953814,0,7474211905079446806,0,ğŸ’™ğŸ’™ğŸ’™ğŸ’™ğŸ’™ğŸ’™ğŸ’™ğŸ’™ğŸ’™ğŸ’™ğŸ’™Und sind die Herzen grÃ¼n und rot ist die Wirtschaft endlich tot. ğŸ’™ğŸ’™ğŸ’™ğŸ’™ğŸ’™ğŸ’™ğŸ’™ğŸ’™ğŸ’™ğŸ’™ğŸ’™ğŸ’™ğŸ’™ğŸ’™ğŸ’™ğŸ’™ğŸ’™ğŸ’™ğŸ’™ğŸ’™ğŸ’™ğŸ’™ğŸ’™ğŸ’™ğŸ’™ğŸ’™ğŸ’™ğŸ’™ğŸ’™ğŸ’™ğŸ’™ğŸ’™ğŸ’™ğŸ’™ğŸ’™ğŸ’™ğŸ’™ğŸ’™ğŸ’™ğŸ’™ğŸ’™ğŸ’™ğŸ’™ğŸ’™ğŸ’™ğŸ’™ğŸ’™,7474211905079446806
1740241756,7474281286503187222,0,7474211905079446806,0,DREI JAHRE DAS LAND ZERSTÃ–RT ğŸ˜± UND WOLLEN WIEDER GEWÃ„HLT WERDEN ğŸ¤® ğŸ¤® ğŸ¤® ğŸ¤®,7474211905079446806
1740241482,7474280054899671830,0,7474211905079446806,0,"Wer nichts zu sagen hat, soll schweigen",7474211905079446806
1740239283,7474270600405549846,0,7474211905079446806,0,â¤ï¸â¤ï¸â¤ï¸â¤ï¸â¤ï¸â¤ï¸â¤ï¸â¤ï¸â¤ï¸â¤ï¸â¤ï¸â¤ï¸â¤ï¸,7474211905079446806
1740237828,7474264433339204354,0,7474211905079446806,0,Die Pest wÃ¤hlt man nicht. GrÃ¼nkohl genauso wenig,7474211905079446806
1740237754,7474264077251674902,0,7474211905079446806,0,ğŸ¤£ğŸ¤£ğŸ¤£ğŸ¤£ğŸ¤£ğŸ¤£,7474211905079446806
1740237708,7474263854500659990,0,7474211905079446806,0,Dann viel Erfolg fÃ¼r eure Zukunft!,7474211905079446806
1740237128,7474261430049522454,0,7474211905079446806,0,SPD â¤ï¸ğŸŒ¹â¤ï¸ğŸŒ¹â¤ï¸ğŸŒ¹,7474211905079446806
1740236622,7474259146688742166,0,7474211905079446806,0,SPD â¤ï¸ğŸ’ª,7474211905079446806
1740236393,7474258221554500374,0,7474211905079446806,0,â¤ï¸â¤ï¸â¤ï¸â¤ï¸â¤ï¸â¤ï¸,7474211905079446806
1740235108,7474252669458187030,0,7474211905079446806,0,ich auch â¤ï¸,7474211905079446806
1740230986,7474234946029306646,0,7474211905079446806,0,ğŸ¤¦â€â™‚ï¸,7474211905079446806
1740227578,7474220299811980065,0,7474211905079446806,0,ğŸ’™ğŸ’™ğŸ’™ğŸ’™ğŸ’™,7474211905079446806
1740226045,7474213807612003094,0,7474211905079446806,0,Olaf Scholz ist sympathisch?? Da gibt's definitiv unterschiedliche empfinden...,7474211905079446806
1740225856,7474212933414912790,0,7474211905079446806,0,ğŸ’¯ğŸŒ¹ğŸŒ¹ğŸŒ¹,7474211905079446806
